,east_utm48,north_utm48,z,strike_slip,dip_slip,net_slip,strike,dip,xx_stress,yy_stress,zz_stress,xy_stress,xz_stress,yz_stress,x_pixel,y_pixel,z_pixel,sig_nn,tau_dd,tau_ss,tau_cs
0,556466,3617519,22.27975224346148,5.1819661999999996e-21,0.8576003000000001,0.8576003000000001,232.0,70.0,20.356428255377157,30.393682537971156,26.75718704586784,-0.29200597289854513,2.5610330343821968,-3.2521454708648228,1418.3117842330394,706.7744533029309,21.42875224346148,29.519804263937637,-3.1339445435916566,-4.504061727984555,-12.224790391121072
1,538795,3610145,22.27975224346148,-1.9846635e-20,2.2708763,2.2708763,232.0,70.0,21.51975176196332,31.61216111261505,27.932158302074345,-0.12499075518758697,4.20731678015447,-3.200925157285718,1397.4799907972883,698.0814735737004,21.42875224346148,31.197190959273048,-3.924271600336314,-4.112689843138179,-13.033763112250465
2,521124,3602772,22.27975224346148,-1.7717554,6.6222718999999985,6.8551879853844095,232.0,70.0,23.08238852685567,32.78156580929436,31.621257545523225,-0.35666859879328927,5.364326790439913,-3.3969819073077274,1376.6481973615373,689.3896727134329,21.42875224346148,33.5486405474755,-5.277957575955882,-3.610202699500765,-13.734624163386162
3,503453,3595398,22.27975224346148,-5.3655382000000005,4.8240935,7.2153224648938235,232.0,70.0,25.263181114131054,34.494627949800126,35.590427164071514,-0.6709406907550315,6.448212548545143,-3.931588004742159,1355.8164039257863,680.6966929842024,21.42875224346148,36.65115955501072,-6.681974660514844,-3.145972160164651,-14.605174343402751
4,485782,3588025,22.27975224346148,-5.9778395,1.8531801,6.258501543564263,232.0,70.0,27.13827837303633,36.55001507690727,40.3327239490602,-1.3649800885835481,6.420692903235154,-5.057078490288559,1334.9846104900348,672.0048921239345,21.42875224346148,40.114357106172655,-8.01748452856112,-3.3147969245693774,-15.392904677920331
5,560255,3615543,13.261375099883963,-28.174771000000003,39.602446,48.60217536371553,232.0,70.0,16.47956620586711,29.881316167821126,25.801321329586894,0.36083652164027546,1.2145277833712174,-1.774623487690108,1422.7785187318264,704.4450082330964,12.410375099883964,25.988846177844458,-2.077906895886154,-6.238097679941546,-9.018236624774303
6,547632,3610276,13.261375099883963,-0.61047471,49.966013,49.969742189526244,232.0,70.0,17.6351621415761,30.706443350723127,24.61853751512607,0.485063886147009,1.6250382019555134,-1.754183148938075,1407.8976558186077,698.2359054077838,12.410375099883964,26.735364858743928,-1.6123264578776944,-6.0007381710959695,-9.827648669017492
7,535010,3605009,13.261375099883963,-41.1269,58.801174,71.75653257640224,232.0,70.0,18.366764255469317,31.85270666411259,26.819485203492345,0.09194224201583895,3.235401332000064,-1.3738326118984345,1393.0179717743513,692.0268025824707,12.410375099883964,28.647667398702076,-2.4091029272895463,-5.586300997923443,-11.10497193694766
8,522388,3599742,13.261375099883963,-73.338859,173.13509,188.02751827519816,232.0,70.0,19.876082911590764,32.979199519561256,29.764881690932494,-0.24868848813254946,3.399399792546366,-1.988577281131618,1378.1382877300953,685.8176997571582,12.410375099883964,30.783196569879493,-3.2892634683634645,-5.419584059379384,-12.130269249690121
9,509766,3594476,13.261375099883963,-157.42837,215.06041,266.5233041034592,232.0,70.0,21.652356371452015,34.637744238713275,31.898283259434308,-0.1500257204053971,3.9077210582133284,-2.4959371450557915,1363.2586036858393,679.6097758008082,12.410375099883964,32.91031180572465,-4.0043103554138,-5.358175528970473,-13.057050635302476
10,497143,3589209,13.261375099883963,-260.21369,141.47965,296.1885477656734,232.0,70.0,23.31900467534044,36.401877441207645,35.521314166715285,-0.6029830568537935,4.919210170956949,-2.094170050277423,1348.3777407726207,673.4006729754951,12.410375099883964,35.4441388494383,-4.7068862290969475,-4.942434518949461,-14.441350567527802
11,484521,3583942,13.261375099883963,-297.2925600000001,143.68788999999995,330.1955117260162,232.0,70.0,24.560677819931495,37.70045117165363,39.791974306327205,-1.3398119017118222,3.4629555716692373,-3.3033826609771584,1333.4980567283642,667.1915701501825,12.410375099883964,37.73884268761239,-5.4823881926120555,-5.447975480908132,-14.91433303304121
12,563392,3614481,7.249123890093897,-48.933441,84.669754,97.79288772973726,232.0,70.0,13.52517275357127,29.36068559301207,25.89765955650996,1.2300744199902118,1.2975992100563016,-0.8719822108767366,1426.4766306670845,703.1930493949567,6.398123890093897,23.556715949188753,-2.3380469963299726,-7.332774320866423,-6.437534068455276
13,555360,3611129,7.249123890093897,-19.208087,45.747211,49.61610545456072,232.0,70.0,13.70179316489689,29.56406998603736,25.926506932193792,0.9414217982616278,-0.6389722873294378,-1.1711402069799677,1417.0079551605513,699.2414806327679,6.398123890093897,23.363193544961977,-1.46245023002042,-7.864285129750529,-6.0188073467878525
14,547328,3607778,7.249123890093897,-6.8075054,85.042608,85.31463711000998,232.0,70.0,14.750954749052708,29.855071762058646,23.062936662882223,1.1727902965152044,0.7152433214633682,-0.3844746445696823,1407.5392796540177,695.2910907395417,6.398123890093897,23.478153737978186,-0.5921912568249867,-7.040616017588165,-7.02141530263779
15,539295,3604426,7.249123890093897,-59.69002,102.58373,118.68580432517321,232.0,70.0,15.120755635961418,30.823391668531617,24.61048671425643,0.77815864463666,1.781373959150073,0.34747956808472147,1398.0694252785215,691.3395219773529,6.398123890093897,24.703181986963575,-0.7891673633650704,-6.782296905245074,-7.993854092935205
16,531263,3601075,7.249123890093897,-112.68311,110.41955,157.76552317117515,232.0,70.0,15.823600072470247,31.855203909309417,27.51959878520571,0.22777427046976234,1.7994261160400182,0.3746514880876836,1388.6007497719884,687.3891320841267,6.398123890093897,26.309437140881585,-1.2530707530574814,-6.79656300121506,-8.874551307149588
17,523231,3597723,7.249123890093897,-113.45346,216.48187,244.4096717085241,232.0,70.0,17.37117068211172,32.6516518209979,28.64637273741767,0.07542062666463076,1.47858943443652,-0.3046966455664843,1379.1320742654548,683.4375633219379,6.398123890093897,27.743600100934223,-1.4789971538903988,-6.649018760360798,-9.834634309537805
18,515198,3594371,7.249123890093897,-200.97577,281.46933,345.85581368214963,232.0,70.0,18.30014808181164,33.775845263876285,29.750615907083652,0.24258494169357656,1.9052283849005927,-1.1303129042406852,1369.662219889959,679.4859945597491,6.398123890093897,29.243927842323867,-2.2480938153928296,-6.834880660627329,-10.351252852924574
19,507166,3591020,7.249123890093897,-305.28223,278.43442000000005,413.18635770619204,232.0,70.0,19.7067611567678,35.11409909920716,30.492977808385188,0.6276951989354912,2.151233186439053,-0.7780776970115469,1360.1935443834254,675.5356046665229,6.398123890093897,30.124334148459628,-2.07174030898309,-6.750792542495947,-11.013063272599165
20,499134,3587668,7.249123890093897,-464.88284,199.54583,505.8997857252507,232.0,70.0,21.198702611971008,36.31443450438868,33.28082615210995,0.2917301695749522,3.455978424293413,0.29476040495259714,1350.7248688768918,671.5840359043341,6.398123890093897,31.868747742759698,-2.409392916007464,-5.963921446503085,-12.689022495731797
21,491101,3584317,7.249123890093897,-464.05069,155.51363999999995,489.4155035504349,232.0,70.0,21.733545313315528,36.74589505230951,38.79892398195752,-0.456412632633334,3.2244290521548873,0.06643542067194975,1341.255014501396,667.6336460111074,6.398123890093897,33.5948558318054,-3.8269308251708587,-5.857197840970405,-13.160331041274905
22,483069,3580965,7.249123890093897,-489.64451,212.64946,533.8272557779638,232.0,70.0,22.69593088186921,37.28914800085551,41.037949932577334,-0.7664977771836328,0.49578264959681495,-1.6796493295797377,1331.7863389948625,663.6820772489186,6.398123890093897,34.54703856701692,-3.9913145418129723,-6.69871048742226,-12.930575163673337
23,565209,3613658,3.2409564012389773,-59.89371600000001,69.324259,91.61391871428565,232.0,70.0,11.709135943608278,29.15504359446521,25.38424153975394,1.9788712482377715,1.9651079196269359,-0.154005674574394,1428.618635571887,702.2228402388464,2.3899564012389773,22.034995942165708,-2.5502250734219674,-7.906075332244097,-4.91379135116048
24,559687,3611354,3.2409564012389773,-47.87184,41.210133,63.16635280640548,232.0,70.0,11.355389509338863,29.64428153679564,29.92225002409695,0.8568250383464147,0.14702459268202306,-0.6104827376365528,1422.1089211611452,699.5067261493227,2.3899564012389773,23.18879313567367,-3.022362220889436,-8.621427589018468,-4.777429611520468
25,554165,3609050,3.2409564012389773,-31.763332,43.602183,53.9449684596044,232.0,70.0,12.043107526756636,29.388411374530243,25.430529654363106,1.542429570050389,-1.6032508169619129,-0.9628432133171632,1415.5992067504035,696.7906120597995,2.3899564012389773,21.651646195733154,-1.1470721405455553,-8.893037802074355,-4.024277292499248
26,548642,3606746,3.2409564012389773,-11.179858,81.011199,81.77899234105153,232.0,70.0,12.126457860847365,28.653931213828272,22.038188071204985,1.4332752176856691,0.5848561081866664,-0.03678229790798423,1409.0883134706992,694.0744979702758,2.3899564012389773,21.370354579364875,-0.6321297331891431,-7.710654647415671,-5.0856900732325405
27,543120,3604441,3.2409564012389773,-42.213539,132.59559,139.15305732305208,232.0,70.0,12.054704582464554,28.9351670197213,24.602014668959427,1.5435515293617459,0.7631622585957859,0.6858152507174309,1402.5785990599575,691.35720501179,2.3899564012389773,21.410523558724364,-1.0910275765378739,-7.696435499507675,-5.0729325949493305
28,537598,3602137,3.2409564012389773,-114.86478,114.48481,162.17487291557995,232.0,70.0,13.144198961920765,29.904840519243187,25.967328914810473,1.251096663390887,1.3134431581367052,1.6830594984577156,1396.0688846492158,688.6410909222664,2.3899564012389773,22.42979569194048,-0.769924164602684,-7.21702834968385,-6.1998968820283995
29,532076,3599833,3.2409564012389773,-146.41092,114.65431,185.96173879812613,232.0,70.0,13.718162675374314,30.52092967981503,28.20436759396278,0.9938233467650439,0.8939490082847525,1.4545108506838187,1389.5591702384736,685.9249768327427,2.3899564012389773,23.391585277861715,-1.155909280793531,-7.338931771561452,-6.605547030915913
30,526553,3597529,3.2409564012389773,-160.41471,161.83531000000005,227.86738851178382,232.0,70.0,14.999240219502886,31.360206622849493,29.841791590823586,0.9969493808330634,-0.3246377209582993,1.5927018579449272,1383.0482769587697,683.208862743219,2.3899564012389773,23.91717996129441,-0.7014491531544476,-7.437559385672683,-6.8797443748876335
31,521031,3595224,3.2409564012389773,-208.70104,223.02547,305.44473209699083,232.0,70.0,16.00580126590701,31.750631405878757,29.05526727809802,0.6790574047696315,0.09168309225224791,0.7536968967375411,1376.5385625480276,680.4915697847332,2.3899564012389773,25.238246512908432,-0.8518064303542516,-7.1488652064445715,-7.943514045648217
32,515509,3592920,3.2409564012389773,-261.02198,238.88084,353.83121648919837,232.0,70.0,15.942304505975448,32.517818613252004,29.43937405966279,0.941791396294461,0.6467861075215564,0.08740419578633257,1370.0288481372859,677.7754556952095,2.3899564012389773,26.014652585504347,-1.5758225202328244,-7.577984955004095,-7.868696423105451
33,509987,3590616,3.2409564012389773,-290.60211,265.67222000000004,393.74016154842593,232.0,70.0,16.84544106715078,33.795078222807355,31.62319713527158,1.1790165403034758,-0.24703385698826807,-0.3367646471638548,1363.5191337265442,675.0593416056859,2.3899564012389773,26.930619838360368,-1.8212433926199427,-8.132687811013177,-7.824252961786495
34,504465,3588312,3.2409564012389773,-431.54823,264.63038,506.22437005252647,232.0,70.0,17.994528421115245,35.217783076014165,30.529705234508743,1.0581195637962268,1.1902949736838928,1.302206930060866,1357.0094193158025,672.3432275161626,2.3899564012389773,27.80961967048255,-0.6966958752245098,-7.49744501354366,-9.156026330252274
35,498942,3586008,3.2409564012389773,-568.5871,184.42082,597.7477136182811,232.0,70.0,20.779345174720042,36.009050390600066,32.94006890713547,0.597213727493897,2.877778206573314,1.0034683043634922,1350.4985260360982,669.627113426639,2.3899564012389773,30.671548874712684,-1.8066671292155103,-6.091929286769662,-12.048745777684065
36,493420,3583703,3.2409564012389773,-609.7686,153.49566000000004,628.7914305910947,232.0,70.0,21.159499171098364,35.76991056307969,39.9107265569697,0.9220509497536271,4.100423285084865,0.5633256610248045,1343.9888116253564,666.9098204681532,2.3899564012389773,31.911546215906007,-4.992029513159419,-5.646603844464934,-11.610052141040045
37,487898,3581399,3.2409564012389773,-628.03269,162.2282,648.6470909391918,232.0,70.0,18.839549015624353,34.00632870316128,44.07839233103421,0.7857332906951553,2.062844000722783,-0.4275160778129774,1337.4790972146147,664.1937063786295,2.3899564012389773,30.467902012712926,-6.56071419714534,-6.627056603514939,-8.955461050827351
38,482376,3579095,3.2409564012389773,-637.22993,211.87008,671.528789023234,232.0,70.0,21.29425654518657,34.218817862659705,45.62189132966565,0.5089815923355228,-1.9240040255621138,-2.5415335330303135,1330.969382803873,661.4775922891058,2.3899564012389773,31.31672496276472,-6.0248753515478235,-7.0616006841120615,-9.507506915566024
39,566504,3613145,0.568844679356189,-71.925735,40.137615,82.3671020078918,232.0,70.0,0.0,0.0,0.0,0.0,0.0,0.0,1430.1452708782813,701.6180804611008,-0.282155320643811,0.0,0.0,0.0,0.0
40,562822,3611609,0.568844679356189,-64.770973,37.406016,74.7963165962,232.0,70.0,0.0,0.0,0.0,0.0,0.0,0.0,1425.8046753584786,699.8073377347519,-0.282155320643811,0.0,0.0,0.0,0.0
41,559141,3610072,0.568844679356189,-54.941476,34.002461,64.61217485207487,232.0,70.0,0.0,0.0,0.0,0.0,0.0,0.0,1421.465258707638,697.9954161394403,-0.282155320643811,0.0,0.0,0.0,0.0
42,555459,3608536,0.568844679356189,-52.088115,36.114202,63.38302067864886,232.0,70.0,0.0,0.0,0.0,0.0,0.0,0.0,1417.1246631878353,696.1846734130913,-0.282155320643811,0.0,0.0,0.0,0.0
43,551778,3607000,0.568844679356189,-34.86933,51.596298,62.27397644244106,232.0,70.0,0.0,0.0,0.0,0.0,0.0,0.0,1412.7852465369951,694.3739306867424,-0.282155320643811,0.0,0.0,0.0,0.0
44,548097,3605464,0.568844679356189,-24.024244,76.33561999999998,80.02681538431936,232.0,70.0,0.0,0.0,0.0,0.0,0.0,0.0,1408.4458298861546,692.5631879603934,-0.282155320643811,0.0,0.0,0.0,0.0
45,544415,3603928,0.568844679356189,-43.308987,103.67645,112.35868742366415,232.0,70.0,0.0,0.0,0.0,0.0,0.0,0.0,1404.1052343663519,690.7524452340444,-0.282155320643811,0.0,0.0,0.0,0.0
46,540734,3602392,0.568844679356189,-107.03811,121.13509,161.65044701973514,232.0,70.0,0.0,0.0,0.0,0.0,0.0,0.0,1399.7658177155113,688.9417025076955,-0.282155320643811,0.0,0.0,0.0,0.0
47,537052,3600856,0.568844679356189,-138.58701000000002,109.24145,176.46544630278927,232.0,70.0,0.0,0.0,0.0,0.0,0.0,0.0,1395.4252221957086,687.1309597813461,-0.282155320643811,0.0,0.0,0.0,0.0
48,533371,3599319,0.568844679356189,-143.84245,109.12009,180.54873154805213,232.0,70.0,0.0,0.0,0.0,0.0,0.0,0.0,1391.0858055448684,685.319038186035,-0.282155320643811,0.0,0.0,0.0,0.0
49,529689,3597783,0.568844679356189,-166.01851000000005,124.98538,207.80637833417077,232.0,70.0,0.0,0.0,0.0,0.0,0.0,0.0,1386.7452100250657,683.5082954596855,-0.282155320643811,0.0,0.0,0.0,0.0
50,526008,3596247,0.568844679356189,-200.6876,163.13817,258.63019024218517,232.0,70.0,0.0,0.0,0.0,0.0,0.0,0.0,1382.4057933742251,681.6975527333366,-0.282155320643811,0.0,0.0,0.0,0.0
51,522326,3594711,0.568844679356189,-229.33631,187.80737,296.4232637812576,232.0,70.0,0.0,0.0,0.0,0.0,0.0,0.0,1378.0651978544224,679.8868100069876,-0.282155320643811,0.0,0.0,0.0,0.0
52,518645,3593175,0.568844679356189,-267.42671,207.31116,338.3710423218418,232.0,70.0,0.0,0.0,0.0,0.0,0.0,0.0,1373.7257812035818,678.0760672806387,-0.282155320643811,0.0,0.0,0.0,0.0
53,514963,3591639,0.568844679356189,-287.04622,223.1893,363.6055500824738,232.0,70.0,0.0,0.0,0.0,0.0,0.0,0.0,1369.3851856837791,676.2653245542897,-0.282155320643811,0.0,0.0,0.0,0.0
54,511282,3590103,0.568844679356189,-289.12679,238.67907,374.9159894586639,232.0,70.0,0.0,0.0,0.0,0.0,0.0,0.0,1365.045769032939,674.4545818279407,-0.282155320643811,0.0,0.0,0.0,0.0
55,507600,3588566,0.568844679356189,-342.09634,257.90515,428.42148900109817,232.0,70.0,0.0,0.0,0.0,0.0,0.0,0.0,1360.7051735131358,672.6426602326292,-0.282155320643811,0.0,0.0,0.0,0.0
56,503919,3587030,0.568844679356189,-488.1774,225.21137,537.6219257508355,232.0,70.0,0.0,0.0,0.0,0.0,0.0,0.0,1356.3657568622957,670.8319175062802,-0.282155320643811,0.0,0.0,0.0,0.0
57,500237,3585494,0.568844679356189,-578.9903,205.82811,614.4875738045988,232.0,70.0,0.0,0.0,0.0,0.0,0.0,0.0,1352.025161342493,669.0211747799312,-0.282155320643811,0.0,0.0,0.0,0.0
58,496556,3583958,0.568844679356189,-687.4699,153.64773,704.4306128641507,232.0,70.0,0.0,0.0,0.0,0.0,0.0,0.0,1347.6857446916524,667.2104320535818,-0.282155320643811,0.0,0.0,0.0,0.0
59,492874,3582422,0.568844679356189,-716.4232900000002,156.82628,733.3872187003687,232.0,70.0,0.0,0.0,0.0,0.0,0.0,0.0,1343.3451491718497,665.3996893272329,-0.282155320643811,0.0,0.0,0.0,0.0
60,489193,3580886,0.568844679356189,-729.75788,144.00191,743.830029983828,232.0,70.0,0.0,0.0,0.0,0.0,0.0,0.0,1339.0057325210091,663.5889466008839,-0.282155320643811,0.0,0.0,0.0,0.0
61,485511,3579349,0.568844679356189,-704.59838,168.04076,724.3594232975795,232.0,70.0,0.0,0.0,0.0,0.0,0.0,0.0,1334.6651370012064,661.7770250055723,-0.282155320643811,0.0,0.0,0.0,0.0
62,481830,3577813,0.568844679356189,-736.74243,184.45524,759.4821549751928,232.0,70.0,0.0,0.0,0.0,0.0,0.0,0.0,1330.3257203503663,659.9662822792234,-0.282155320643811,0.0,0.0,0.0,0.0
63,462645,3566742,21.412902765106907,1.3055756e-17,0.80531286,0.80531286,223.0,35.0,29.928373492974384,37.480272749865165,39.09853390196545,-0.35518956280022607,6.551264602222972,-4.884379033787159,1307.7091193054403,646.9150239957535,20.561902765106908,44.986394720621846,0.2863065840502177,-1.4409816014062506,-25.522687610659457
64,441527,3544096,21.412902765106907,1.1771569e-18,7.1233556,7.1233556,223.0,35.0,31.910426398309326,37.96341909008552,41.80687967293308,-0.4565745945595211,8.556919716071894,-5.660692900609612,1282.813764556066,620.2183574717296,20.561902765106908,49.13560478612868,0.347785978530748,-0.36081827161387214,-28.980219267514673
65,420409,3521450,21.412902765106907,-8.841610800000002,1.7417318,9.011532122886091,223.0,35.0,34.86589640856073,39.82800943230957,46.08299930945798,0.48857987433612265,11.822218490009446,-4.234883239808998,1257.9184098066917,593.5216909477062,20.561902765106908,53.83044036075127,-0.4699141838683669,2.6674684343918083,-29.58972084617268
66,399291,3498804,21.412902765106907,-13.822629999999998,-1.6438155e-14,13.822629999999998,223.0,35.0,36.50367263456923,40.71009380963131,61.11978161206432,0.8198840874310098,13.05911429732808,-4.558984117604762,1233.0230550573174,566.8250244236829,20.561902765106908,65.29247804174813,-6.700823184183294,3.393758818744491,-31.664253220274333
67,378174,3476158,21.412902765106907,-0.84428228,-2.0602098e-14,0.84428228,223.0,35.0,39.47340753831022,41.30560219960648,66.53146981462662,1.3033050326332831,9.712436664873378,-9.098445767939952,1208.1288791769057,540.1283578996592,20.561902765106908,69.98803299650713,-8.371867781068694,-0.4968592674272446,-33.60622100725473
68,470672,3565305,13.248481908033588,-44.574648,97.411245,107.12539333311186,223.0,35.0,25.834402209956316,36.37726075386641,35.8135804221944,0.11547523035715612,3.521261238591281,-2.9570337094706813,1317.1719004671613,645.2209892966885,12.397481908033587,38.420955152894926,-0.8682625572406497,-2.81592204677995,-20.105829661804947
69,455588,3549129,13.248481908033588,-62.74913100000001,75.566939,98.22329515489125,223.0,35.0,27.167037443504984,36.30018964803128,36.613820816134556,0.013654010023841718,5.125591494159891,-2.934667215583759,1299.3898410373117,626.1516049598254,12.397481908033587,40.302289101642074,-0.48237991071980524,-1.5070183924053542,-22.599035060606216
70,440504,3532953,13.248481908033588,-72.464656,164.05858,179.34978126781962,223.0,35.0,28.49002179926018,37.226573906473796,37.569279784347344,0.34080045492894606,5.1549190842163135,-4.328424112866473,1281.6077816074626,607.0822206229623,12.397481908033587,42.12397728068686,-0.21726514970823985,-2.199067364624753,-23.06461230316576
71,425420,3516778,13.248481908033588,-157.0986,77.271378,175.07380152375424,223.0,35.0,31.519759605720044,37.55312147183217,41.94575064618893,1.1012704002390064,8.319520219430572,-2.043279529987446,1263.825722177613,588.0140151550613,12.397481908033587,46.104552686072495,-1.538640353082041,1.741658380416661,-25.33877204869753
72,410335,3500602,13.248481908033588,-114.60432,-2.0120921000000004e-16,114.60432,223.0,35.0,34.34276598819644,38.64188213989519,54.84967828271888,1.732157881126707,12.12032438476099,-3.292773235534133,1246.0424838788012,568.9446308181982,12.397481908033587,58.63238919555717,-5.707639000060359,3.637849856981952,-28.411044156714325
73,395251,3484426,13.248481908033588,-156.73958000000005,21.425068,158.19712221586406,223.0,35.0,35.495541445499576,40.30520446226795,66.86685862659587,1.786129643294544,11.507974729341562,-7.040448181223835,1228.2604244489517,549.8752464813347,12.397481908033587,69.11663308034028,-10.004963128409067,0.9066575404949448,-31.424019710090874
74,380167,3468251,13.248481908033588,-172.29392,82.236734,190.91379019849026,223.0,35.0,37.64854249377835,40.898703446496704,65.87091250790044,1.9934255638488134,7.840872894924713,-11.197061695680942,1210.478365019102,530.8070410134342,12.397481908033587,68.99362793950161,-8.911129310337575,-3.177740551567655,-31.935401922355517
75,476754,3565131,7.8055346699847075,-187.72336,239.30915,304.152805614895,223.0,35.0,22.833970894202185,35.791907349137844,33.75110121695182,0.9455564962291869,1.6860443112154784,-1.6753648328853414,1324.3417814968848,645.0158660972193,6.9545346699847075,34.0644019341903,-1.928251021800552,-3.7310667321871183,-16.23875890465172
76,467156,3554837,7.8055346699847075,-201.71052,201.29152,284.96562933550564,223.0,35.0,22.93985550617111,35.51582427859422,34.486188187279325,0.3388654646544313,1.9081350573526559,-2.2784987546396884,1313.026997195128,632.8805889975861,6.9545346699847075,35.27230894038353,-1.8267572648484975,-3.883321993330852,-16.871855123329578
77,457557,3544544,7.8055346699847075,-240.39927000000003,162.12613000000005,289.9598093621076,223.0,35.0,23.98026243169118,35.094077013716706,35.25695924784191,0.46016606373831737,3.558596903332606,-1.3635369164873674,1301.711034024409,620.746490766915,6.9545346699847075,36.41614418640782,-1.8770352992935013,-1.9899695719995392,-19.11413530371901
78,447958,3534250,7.8055346699847075,-221.57798,280.42051000000004,357.39678740797393,223.0,35.0,24.267718720087025,35.40083287596597,37.46441644834981,0.17311193017213378,2.48399426442982,-3.3582975820737357,1290.39507085369,608.6112136672814,6.9545346699847075,38.62896328500939,-2.4438866001344515,-3.8023550223894085,-18.65736852072716
79,438359,3523957,7.8055346699847075,-276.65658,297.19728,406.0358192286671,223.0,35.0,25.505182623106915,36.28174822961189,34.9049733489727,1.3458976487439647,3.868870471530312,-1.3130542993896992,1279.079107682971,596.4771154366103,6.9545346699847075,36.52023063329329,-1.418187148317461,-1.6544662626334257,-19.733029983900863
80,428760,3513663,7.8055346699847075,-265.67675,191.99655,327.79080326095936,223.0,35.0,28.286137913533068,35.03090123929372,41.323794088911384,1.6543218014755021,5.438946965369793,-1.1765850705143,1267.763144512252,584.3418383369772,6.9545346699847075,42.015633660720304,-3.7921737791341013,0.4702275813321557,-21.38816364284644
81,419161,3503369,7.8055346699847075,-152.89121,147.39192,212.36784167229862,223.0,35.0,31.505701422002783,36.93329001036046,47.13982405139329,2.0180382139511095,9.250183510197301,-3.5055472867610806,1256.4471813415335,572.206561237344,6.9545346699847075,50.76835292705205,-3.973857170353739,1.5955391851732572,-26.178806004309077
82,409562,3493076,7.8055346699847075,-180.18405,228.57685,291.05612556743245,223.0,35.0,34.84769539203972,39.27706041891324,53.83546790609129,1.7417528117280763,12.3722823012033,-5.091493268768251,1245.1312181708145,560.0724630066729,6.9545346699847075,59.46064338139144,-4.4873213754070385,2.6641348353641114,-30.4577973741136
83,399963,3482782,7.8055346699847075,-237.12014,264.96554,355.5737591289763,223.0,35.0,36.343114319112814,41.969394500624496,62.884324775285336,1.5031879139073396,13.081026061477795,-9.196041848769518,1233.8152550000955,547.9371859070393,6.9545346699847075,69.40350164543186,-6.528192838266499,0.24911821892516772,-35.10915665712783
84,390364,3472489,7.8055346699847075,-160.68178,170.89915,234.57441014460827,223.0,35.0,35.32666494386357,41.29250996177241,67.8072392715928,0.8765635594012525,10.869253841466723,-10.833652944363045,1222.4992918293765,535.8030876763685,6.9545346699847075,72.15949509040581,-9.122137099867366,-2.089805093728637,-33.937242555847355
85,380765,3462195,7.8055346699847075,-114.48473,286.45827,308.48840149115136,223.0,35.0,37.1121762080148,42.95607250283927,58.58323635457758,1.7151403735042063,6.792565517136566,-13.51382450812702,1211.1833286586575,523.6678105767351,6.9545346699847075,65.17958335277251,-4.763614269912139,-5.904512599935893,-31.521229731896746
86,480675,3564871,4.176902909836567,-327.20992,310.96313,451.4027026567334,223.0,35.0,21.17239082113161,35.301666763525574,31.58680049465874,1.5138236127456186,1.1291036003392045,-1.408190031281788,1328.9641266987169,644.7093601669781,3.325902909836567,31.504251092401184,-1.9040501539020251,-4.194517022243567,-14.296100825206436
87,474464,3558210,4.176902909836567,-352.36657,316.53467,473.662746018276,223.0,35.0,19.83932428375348,34.18403467834094,34.14369507452139,0.7021269642699349,2.528941258639028,-1.2216010488632565,1321.6421715728357,636.8569140079862,3.325902909836567,33.923199146091534,-2.997581283340308,-3.394809740126381,-15.8250977068946
88,468253,3551550,4.176902909836567,-338.73777,315.11041,462.6422454931467,223.0,35.0,20.75816996669908,35.025823469239626,33.802101924782434,0.8897561694051515,0.4066660014481364,-2.083266263361461,1314.320216446954,629.0056467179575,3.325902909836567,33.01659428598775,-2.8400220292931344,-5.067103342834644,-14.001233698719792
89,462042,3544889,4.176902909836567,-359.40001,281.05088,456.243317032452,223.0,35.0,21.506949336753884,34.038391105952584,33.51380473851432,1.0519896885789475,2.020683688386498,-1.0683295593541937,1306.9982613210727,621.1532005589661,3.325902909836567,33.20935450184582,-2.641233501439073,-3.0541741269142855,-15.887779865707202
90,455831,3538229,4.176902909836567,-356.74346,319.74463,479.0642176854879,223.0,35.0,21.23385124684709,33.65868493605881,36.96496240610217,0.528237181720707,2.887298851136597,-1.0502585086786953,1299.6763061951915,613.3019332689369,3.325902909836567,36.17484397320283,-3.956317348055469,-2.549660636264054,-16.998186048206065
91,449620,3531568,4.176902909836567,-365.65854,519.7196700000002,635.4641636314676,223.0,35.0,21.753151854126347,34.78143515945595,38.020318250435864,0.9765096820878438,0.638990411119808,-4.000434951223348,1292.3543510693098,605.4494871099455,3.325902909836567,37.34459660205615,-4.160648603988632,-5.7278272548019515,-15.327280447552006
92,443409,3524908,4.176902909836567,-378.47197,586.9429200000002,698.3860131859798,223.0,35.0,22.531364093390795,35.35615936171374,31.773908597757902,1.7800476247304482,1.7590557881391644,-1.383106063572418,1285.0323959434286,597.5982198199167,3.325902909836567,32.20676488948393,-1.6115851789247877,-3.443709984038366,-15.521908852079221
93,437198,3518247,4.176902909836567,-405.30581,475.22245,624.5872049632129,223.0,35.0,23.38454520676923,33.193038752487716,39.22171661616572,1.777256608279302,2.560669689362014,0.37854654346002525,1277.7104408175474,589.7457736609249,3.325902909836567,36.446286484753024,-5.578312144120908,-1.0776708995760111,-16.186316008330174
94,430987,3511586,4.176902909836567,-325.12394,319.3212,455.71000113072313,223.0,35.0,26.458895405276163,34.09550845175433,43.01250194403214,1.3632858681844668,4.256061542528931,-3.304353641459752,1270.3884856916657,581.8933275019335,3.325902909836567,43.33030037897052,-4.912386926586615,-1.7321217085124707,-20.789361654078068
95,424775,3504926,4.176902909836567,-238.20382,281.69883,368.91095224452386,223.0,35.0,28.564071098682952,37.706596556492975,40.57039466934906,1.1943545581883412,6.880505295328318,-4.699514828816387,1263.0653516968218,574.0420602119048,3.325902909836567,45.36783818645526,-1.3856850266777307,-1.5393609478608459,-25.149530509353774
96,418564,3498265,4.176902909836567,-210.56155,336.17318,396.67187105933647,223.0,35.0,31.04211502137549,39.07215416122441,43.7381213484667,0.7599764618723538,8.10490675846182,-4.644423089668002,1255.7433965709406,566.1896140529129,3.325902909836567,49.08715150027567,-1.4558357403598219,-0.5214404679530704,-27.905889314377234
97,412353,3491605,4.176902909836567,-248.10291,488.88907,548.2404369580313,223.0,35.0,35.886186646546435,40.148781010133206,46.189241163779144,0.8452367622545229,10.782007841843626,-4.579983604562989,1248.4214414450594,558.3383467628842,3.325902909836567,53.51958533573455,-0.5401862355325555,2.09399295882485,-29.949204628377643
98,406142,3484944,4.176902909836567,-252.9125,429.54376,498.47023422787004,223.0,35.0,36.788457244018346,43.356800847663386,55.3986257979332,-1.5639628261488567,11.82214971818295,-8.268403035053895,1241.0994863191777,550.4859006038928,3.325902909836567,64.2181395124764,-1.6896393358720463,-0.2906603733953681,-36.8164262020374
99,399931,3478284,4.176902909836567,-254.2961,294.48635,389.08702986803934,223.0,35.0,38.63172445672451,44.375019911773016,54.307840741754646,0.36632676484234156,13.536337415289111,-7.362719137334848,1233.7775311932965,542.6346333138636,3.325902909836567,63.93052696550096,-1.1785927023527982,1.5228442718091246,-36.43266422886375
100,393720,3471623,4.176902909836567,-150.57242,161.48167,220.7903607738465,223.0,35.0,36.82457694193778,42.593537167805344,64.97979971325199,-1.1463648894645169,13.248506451398285,-10.23387528696764,1226.4555760674148,534.7821871548722,3.325902909836567,72.6395841753185,-5.729524485377135,-0.4259022984371126,-37.83841817395471
101,387509,3464962,4.176902909836567,-29.077901,154.49671999999995,157.2092898569426,223.0,35.0,35.9283581715112,44.5735548556085,59.51410736062573,-0.39210708774042335,7.816493893485418,-12.29955266363213,1219.1336209415335,526.9297409958808,3.325902909836567,66.46047686254734,-4.184452730520089,-5.490761776649572,-32.97280079909156
102,381298,3458302,4.176902909836567,-60.042834,213.49064,221.7732970453412,223.0,35.0,36.75741218229646,43.62980696744351,49.30804731652083,1.3831324685261657,7.161941058423613,-11.060280818626259,1211.8116658156523,519.0784737058518,3.325902909836567,57.78691952811012,-0.6719210355878928,-4.535790533724086,-30.08686288802589
103,483235,3564639,1.7578151846444732,-458.12831,382.0792,596.5451060029711,223.0,35.0,21.82466547735655,35.89061917761139,28.742976770014582,1.0078431353294093,-0.37761476123241405,-2.1122006390591457,1331.9820312426318,644.4358625676855,0.9068151846444732,29.382665675697513,-0.25077698296180984,-5.460155242872139,-12.163688285445229
104,479174,3560284,1.7578151846444732,-532.64814,422.17505,679.6659575761921,223.0,35.0,18.7866401513782,33.82403143282404,29.958412451995045,1.469602197209153,3.5202244410960204,-1.1337942992203116,1327.1946443860543,639.3018882361425,0.9068151846444732,31.24761205619082,-1.506607183217394,-2.955876605821469,-15.430876513746023
105,475113,3555929,1.7578151846444732,-490.03408,388.76105,625.5146309708102,223.0,35.0,15.120116566393557,30.19337916967157,32.17543842877585,1.6092434792486037,2.6371492923793736,-1.9071677649769934,1322.4072575294767,634.1679139045996,0.9068151846444732,31.37740946208285,-4.3690776628874755,-3.917211166357276,-12.958449175361146
106,471051,3551574,1.7578151846444732,-409.54176,419.91289000000006,586.5588532892925,223.0,35.0,18.36292874903422,34.53896848303119,33.641795220017876,1.8589648880029404,1.1640554735356956,-2.9871873076494406,1317.6186918039361,629.0339395730566,0.9068151846444732,33.194764407317905,-3.527019288586583,-5.692700619620208,-13.220090363593945
107,466990,3547219,1.7578151846444732,-441.23336,417.93851,607.7495175793309,223.0,35.0,17.620945839092286,31.00963638602355,28.535896498603577,1.242573227566786,2.0665686130751726,0.4292006913635365,1312.8313049473586,623.8999652415137,0.9068151846444732,27.731114977792434,-2.368025561984222,-2.369009419964293,-13.289079355975865
108,462929,3542864,1.7578151846444732,-448.57777,368.69183,580.6510839109162,223.0,35.0,20.279739827950884,33.665751848846554,30.274806637129107,2.3432924588407884,1.099835170774542,-1.7364258210680286,1308.043918090781,618.7659909099707,0.9068151846444732,30.13450155706062,-2.1889845060910886,-4.161683178999715,-13.378439770681542
109,458868,3538510,1.7578151846444732,-439.02137,386.61045,584.9849599484412,223.0,35.0,20.24216806589267,33.861524012687894,36.10442356315745,1.8292649435244235,2.68536171998014,-3.8849489009334546,1303.256531234203,613.6331954473903,0.9068151846444732,36.70484770616927,-3.7559834704149377,-4.650394653726901,-16.045151329745742
110,454807,3534155,1.7578151846444732,-431.1162,501.89065,661.6308657097721,223.0,35.0,18.700995929993937,32.143441027708285,38.05099621431554,0.5567068246502114,4.068364441195224,-2.6604827845697336,1298.4691443776255,608.4992211158474,0.9068151846444732,38.06029870173838,-4.776572960784321,-3.144504155327333,-17.11747695282109
111,450746,3529800,1.7578151846444732,-433.32609,635.61064,769.2674346128903,223.0,35.0,19.187260141882373,35.49574969693299,33.54457033140603,1.829393045509439,1.195238789865729,-4.619688608968179,1293.6817575210475,603.365246784304,0.9068151846444732,34.49834476910798,-2.6626313065171914,-6.692370453255431,-13.496408180568306
112,446685,3525445,1.7578151846444732,-425.03129,805.7732900000002,911.0006544215477,223.0,35.0,21.588219601968774,36.214910825231186,33.53743178944763,2.6391347214950773,0.542938749073774,-2.8594151081548547,1288.89437066447,598.231272452761,0.9068151846444732,33.183952777411456,-2.85201702485176,-5.4886792364879,-13.724937092296269
113,442624,3521090,1.7578151846444732,-482.4382,843.1655,971.4291931013244,223.0,35.0,18.415237566767075,28.096777210471974,28.40832604073813,1.6868206605340523,3.9330870497767734,0.8584981088510039,1284.106983807892,593.097298121218,0.9068151846444732,28.201398487875434,-2.586506642452404,0.009280180423601347,-14.33431580205125
114,438563,3516735,1.7578151846444732,-465.17981,633.95609,786.315826929437,223.0,35.0,23.260745454760567,37.754014430315365,39.74896281967379,1.454724989215848,4.096649650331417,-2.882413740648396,1279.3195969513145,587.9633237896751,0.9068151846444732,40.72750884745537,-3.5643927710689063,-3.526358412376458,-19.422514933633387
115,434502,3512380,1.7578151846444732,-399.16801,477.3866,622.2805364680146,223.0,35.0,23.116882862959635,34.769302254837505,43.6886989532443,-0.7608555193733018,2.5770963514592657,-3.237221057108256,1274.5322100947365,582.8293494581321,0.9068151846444732,42.7992778333156,-5.362773407757121,-3.863743355869412,-19.069888088818317
116,430441,3508025,1.7578151846444732,-310.25968,362.91571,477.4608691804036,223.0,35.0,27.625271766916327,39.11720488977393,34.15210893679023,0.6795971778827199,1.145452254659805,-6.329444733892011,1269.744823238159,577.6953751265892,0.9068151846444732,38.383862388882406,0.8891685825354649,-6.412519127918791,-16.55644515052277
117,426379,3503670,1.7578151846444732,-272.53894,353.5428,446.39666805226443,223.0,35.0,26.512328843412924,38.98044276619528,34.66492291845131,-0.4736772397465925,6.015637989178277,-2.3819592989524843,1264.9562575126188,572.5614007950462,0.9068151846444732,39.70688917886974,1.176622618269917,-1.652259354516336,-21.795734690419433
118,422318,3499315,1.7578151846444732,-253.32746,390.27614,465.2851463816046,223.0,35.0,30.185423421283637,42.09281068782622,37.48476699584136,-0.31439302124085816,4.195969146100638,-2.380861181593501,1260.1688706560408,567.4274264635033,0.9068151846444732,41.41809928721074,0.9248996835098104,-2.5013871755366868,-22.183955519591144
119,418257,3494960,1.7578151846444732,-260.15725,480.84483,546.7115741095037,223.0,35.0,28.412765812615497,39.24172622776141,42.07413191021008,-2.4962968857339805,4.910138086982836,-2.11854759612672,1255.3814837994632,562.2934521319603,0.9068151846444732,44.78817974340977,-1.159831648462042,-1.7240326004194684,-24.795048885460883
120,414196,3490605,1.7578151846444732,-286.56829,607.50103,671.6985084728008,223.0,35.0,38.280925125762565,42.219313879446304,34.28653012408952,-0.4744586942867192,5.755796499158109,-4.087923084636373,1250.5940969428857,557.1594778004173,0.9068151846444732,42.934491715135195,5.35308919342466,-0.37921359589655657,-20.394190872363012
121,410135,3486250,1.7578151846444732,-293.50426,573.52515,644.2638033606032,223.0,35.0,32.69046179418102,43.59921261702777,44.162522541813665,-3.867362780608055,10.360695043369045,-2.977106495897941,1245.8067100863077,552.0255034688744,0.9068151846444732,52.35511367649859,2.092518279804244,0.7289390414094594,-29.197219637651344
122,406074,3481895,1.7578151846444732,-301.61774,439.14136,532.7460888128202,223.0,35.0,40.02880320495588,48.094690434370946,47.66420924202148,-0.9008311105209194,2.9001160569904574,-7.148236247734326,1241.0193232297302,546.8915291373314,0.9068151846444732,53.25630488011115,0.9902442273497734,-5.005865580460191,-26.850913750884544
123,402013,3477540,1.7578151846444732,-285.82688,330.89648,437.25219931628095,223.0,35.0,42.86063751497416,44.76059661776427,45.899088349904915,-0.6838025040554669,10.751567741167179,-3.281633639246196,1236.2319363731522,541.7575548057885,0.9068151846444732,54.90670386706037,2.7629405203212,3.4695631368774373,-28.508742320099635
124,397952,3473185,1.7578151846444732,-194.47294,248.30921,315.40004464658483,223.0,35.0,40.723449119635006,43.64053078684602,54.898195545855394,-4.8980758631963575,15.021884729761549,-9.246218432760262,1231.4445495165746,536.6235804742453,0.9068151846444732,68.53808049560291,2.187557692843928,1.8222934336209735,-38.27571605284996
125,393891,3468830,1.7578151846444732,-104.29787,98.322374,143.3364395941687,223.0,35.0,42.76643078421218,54.35683999816672,59.602447308681036,-2.606766581901045,10.791298000299653,-14.86060288815165,1226.6571626599966,531.4896061427023,0.9068151846444732,73.63263869952843,2.0100273319949444,-6.29436067424858,-37.57207338825303
126,389830,3464475,1.7578151846444732,4.5190365e-19,23.13695,23.13695,223.0,35.0,39.02305307716607,50.84220530240573,55.03029044434628,-4.631053669995592,8.559241876776014,-13.45709153810278,1221.869775803419,526.3556318111594,0.9068151846444732,67.5990499101008,2.512501188407448,-6.846926567632485,-33.26607230747588
127,385769,3460120,1.7578151846444732,-1.1255979e-14,69.67649,69.67649,223.0,35.0,41.48332390474526,50.46316614730459,44.855519671418136,-1.8812655656002126,5.018896317978813,-10.246095001812863,1217.082388946841,521.2216574796164,0.9068151846444732,55.753237543711734,4.9051456688764485,-5.978783763312465,-25.71848861989604
128,381707,3455765,1.7578151846444732,-51.24896500000001,70.51084,87.16785514785153,223.0,35.0,39.328021011792494,46.11188415473065,38.82061614800443,-2.460907825220569,7.630645565733786,-9.934717623445977,1212.293823221301,516.0876831480734,0.9068151846444732,52.444252493029865,7.100407083610026,-3.728105032583859,-23.446916349069873
129,484901,3564442,0.1450900472838178,-498.39609,384.70365,629.5995241823255,223.0,35.0,0.0,0.0,0.0,0.0,0.0,0.0,1333.9460269341016,644.2036253820797,-0.7059099527161822,0.0,0.0,0.0,0.0
130,482194,3561539,0.1450900472838178,-701.44156,607.61513,928.017461204341,223.0,35.0,0.0,0.0,0.0,0.0,0.0,0.0,1330.754828652704,640.7813687840385,-0.7059099527161822,0.0,0.0,0.0,0.0
131,479487,3558636,0.1450900472838178,-631.7327799999998,472.3969,788.8251621596121,223.0,35.0,0.0,0.0,0.0,0.0,0.0,0.0,1327.5636303713063,637.3591121859972,-0.7059099527161822,0.0,0.0,0.0,0.0
132,476779,3555732,0.1450900472838178,-540.2914400000002,412.54755,679.786967474573,223.0,35.0,0.0,0.0,0.0,0.0,0.0,0.0,1324.371253220946,633.9356767189938,-0.7059099527161822,0.0,0.0,0.0,0.0
133,474072,3552829,0.1450900472838178,-467.93689000000006,413.07645,624.1771275587361,223.0,35.0,0.0,0.0,0.0,0.0,0.0,0.0,1321.1800549395484,630.5134201209526,-0.7059099527161822,0.0,0.0,0.0,0.0
134,471364,3549926,0.1450900472838178,-412.88645,482.38999,634.9608830832043,223.0,35.0,0.0,0.0,0.0,0.0,0.0,0.0,1317.9876777891886,627.0911635229113,-0.7059099527161822,0.0,0.0,0.0,0.0
135,468657,3547022,0.1450900472838178,-494.12842,491.80397,697.1614162871159,223.0,35.0,0.0,0.0,0.0,0.0,0.0,0.0,1314.796479507791,623.6677280559079,-0.7059099527161822,0.0,0.0,0.0,0.0
136,465950,3544119,0.1450900472838178,-472.50091,415.67466,629.3191026156314,223.0,35.0,0.0,0.0,0.0,0.0,0.0,0.0,1311.605281226393,620.2454714578666,-0.7059099527161822,0.0,0.0,0.0,0.0
137,463242,3541216,0.1450900472838178,-467.70748,394.57829,611.9169173893417,223.0,35.0,0.0,0.0,0.0,0.0,0.0,0.0,1308.412904076033,616.8232148598254,-0.7059099527161822,0.0,0.0,0.0,0.0
138,460535,3538312,0.1450900472838178,-467.8103,409.03211,621.4127000610321,223.0,35.0,0.0,0.0,0.0,0.0,0.0,0.0,1305.2217057946355,613.3997793928215,-0.7059099527161822,0.0,0.0,0.0,0.0
139,457827,3535409,0.1450900472838178,-462.96994000000007,471.32086,660.6697498862372,223.0,35.0,0.0,0.0,0.0,0.0,0.0,0.0,1302.0293286442752,609.9775227947807,-0.7059099527161822,0.0,0.0,0.0,0.0
140,455120,3532506,0.1450900472838178,-454.99886,564.5285700000002,725.0630792886535,223.0,35.0,0.0,0.0,0.0,0.0,0.0,0.0,1298.8381303628776,606.5552661967395,-0.7059099527161822,0.0,0.0,0.0,0.0
141,452413,3529602,0.1450900472838178,-450.9957,621.85843,768.1829393969609,223.0,35.0,0.0,0.0,0.0,0.0,0.0,0.0,1295.64693208148,603.1318307297356,-0.7059099527161822,0.0,0.0,0.0,0.0
142,449705,3526699,0.1450900472838178,-449.33613,755.0830900000002,878.6657103400162,223.0,35.0,0.0,0.0,0.0,0.0,0.0,0.0,1292.4545549311197,599.7095741316944,-0.7059099527161822,0.0,0.0,0.0,0.0
143,446998,3523796,0.1450900472838178,-437.47243,910.47103,1010.1186185193133,223.0,35.0,0.0,0.0,0.0,0.0,0.0,0.0,1289.263356649722,596.2873175336535,-0.7059099527161822,0.0,0.0,0.0,0.0
144,444290,3520892,0.1450900472838178,-521.58683,1045.9146,1168.755822112818,223.0,35.0,0.0,0.0,0.0,0.0,0.0,0.0,1286.0709794993618,592.8638820666497,-0.7059099527161822,0.0,0.0,0.0,0.0
145,441583,3517989,0.1450900472838178,-492.37073,799.27643,938.7607508381875,223.0,35.0,0.0,0.0,0.0,0.0,0.0,0.0,1282.8797812179641,589.4416254686084,-0.7059099527161822,0.0,0.0,0.0,0.0
146,438876,3515086,0.1450900472838178,-457.12762,620.04595,770.3393025662567,223.0,35.0,0.0,0.0,0.0,0.0,0.0,0.0,1279.6885829365665,586.0193688705676,-0.7059099527161822,0.0,0.0,0.0,0.0
147,436168,3512182,0.1450900472838178,-426.14808,540.49541,688.2858957720654,223.0,35.0,0.0,0.0,0.0,0.0,0.0,0.0,1276.4962057862062,582.5959334035638,-0.7059099527161822,0.0,0.0,0.0,0.0
148,433461,3509279,0.1450900472838178,-361.88727,433.72837,564.8740524496676,223.0,35.0,0.0,0.0,0.0,0.0,0.0,0.0,1273.3050075048086,579.1736768055225,-0.7059099527161822,0.0,0.0,0.0,0.0
149,430753,3506376,0.1450900472838178,-307.80642,374.14497,484.48864875197785,223.0,35.0,0.0,0.0,0.0,0.0,0.0,0.0,1270.1126303544484,575.7514202074813,-0.7059099527161822,0.0,0.0,0.0,0.0
150,428046,3503473,0.1450900472838178,-289.09713,366.14011,466.5144485705122,223.0,35.0,0.0,0.0,0.0,0.0,0.0,0.0,1266.9214320730507,572.3291636094405,-0.7059099527161822,0.0,0.0,0.0,0.0
151,425339,3500569,0.1450900472838178,-270.96621,385.24625,470.9961359722886,223.0,35.0,0.0,0.0,0.0,0.0,0.0,0.0,1263.730233791653,568.9057281424366,-0.7059099527161822,0.0,0.0,0.0,0.0
152,422631,3497666,0.1450900472838178,-266.91885,433.44018,509.03444099958,223.0,35.0,0.0,0.0,0.0,0.0,0.0,0.0,1260.5378566412933,565.4834715443953,-0.7059099527161822,0.0,0.0,0.0,0.0
153,419924,3494763,0.1450900472838178,-271.70565,473.0008,545.4848458413511,223.0,35.0,0.0,0.0,0.0,0.0,0.0,0.0,1257.3466583598956,562.0612149463545,-0.7059099527161822,0.0,0.0,0.0,0.0
154,417216,3491859,0.1450900472838178,-286.63436,564.13401,632.7767675660111,223.0,35.0,0.0,0.0,0.0,0.0,0.0,0.0,1254.1542812095354,558.6377794793507,-0.7059099527161822,0.0,0.0,0.0,0.0
155,414509,3488956,0.1450900472838178,-301.88461,627.07141,695.9546472251193,223.0,35.0,0.0,0.0,0.0,0.0,0.0,0.0,1250.9630829281377,555.2155228813094,-0.7059099527161822,0.0,0.0,0.0,0.0
156,411802,3486053,0.1450900472838178,-308.83718,616.3485900000002,689.39537868,223.0,35.0,0.0,0.0,0.0,0.0,0.0,0.0,1247.77188464674,551.7932662832682,-0.7059099527161822,0.0,0.0,0.0,0.0
157,409094,3483149,0.1450900472838178,-316.18694,534.87045,621.3377336922055,223.0,35.0,0.0,0.0,0.0,0.0,0.0,0.0,1244.5795074963798,548.3698308162648,-0.7059099527161822,0.0,0.0,0.0,0.0
158,406387,3480246,0.1450900472838178,-315.21107,424.83804,529.0041388132862,223.0,35.0,0.0,0.0,0.0,0.0,0.0,0.0,1241.3883092149822,544.9475742182235,-0.7059099527161822,0.0,0.0,0.0,0.0
159,403679,3477343,0.1450900472838178,-300.7743,359.22403,468.5158303301297,223.0,35.0,0.0,0.0,0.0,0.0,0.0,0.0,1238.195932064622,541.5253176201825,-0.7059099527161822,0.0,0.0,0.0,0.0
160,400972,3474439,0.1450900472838178,-247.04525,263.45705,361.16612900750397,223.0,35.0,0.0,0.0,0.0,0.0,0.0,0.0,1235.0047337832243,538.1018821531788,-0.7059099527161822,0.0,0.0,0.0,0.0
161,398265,3471536,0.1450900472838178,-172.45023,188.91215,255.7867905984893,223.0,35.0,0.0,0.0,0.0,0.0,0.0,0.0,1231.8135355018267,534.6796255551376,-0.7059099527161822,0.0,0.0,0.0,0.0
162,395557,3468633,0.1450900472838178,-128.87179,106.57056,167.22805541091992,223.0,35.0,0.0,0.0,0.0,0.0,0.0,0.0,1228.6211583514664,531.2573689570963,-0.7059099527161822,0.0,0.0,0.0,0.0
163,392850,3465729,0.1450900472838178,-50.284859,20.505794,54.30519894282976,223.0,35.0,0.0,0.0,0.0,0.0,0.0,0.0,1225.4299600700688,527.8339334900927,-0.7059099527161822,0.0,0.0,0.0,0.0
164,390142,3462826,0.1450900472838178,1.8771598999999998e-20,1.8959151000000007e-15,1.8959151000929297e-15,223.0,35.0,0.0,0.0,0.0,0.0,0.0,0.0,1222.2375829197085,524.4116768920517,-0.7059099527161822,0.0,0.0,0.0,0.0
165,387435,3459923,0.1450900472838178,8.4064886e-15,7.879122099999999,7.879122099999999,223.0,35.0,0.0,0.0,0.0,0.0,0.0,0.0,1219.0463846383109,520.9894202940104,-0.7059099527161822,0.0,0.0,0.0,0.0
166,384728,3457019,0.1450900472838178,-6.555817599999999,10.680923,12.53239245062166,223.0,35.0,0.0,0.0,0.0,0.0,0.0,0.0,1215.8551863569132,517.5659848270068,-0.7059099527161822,0.0,0.0,0.0,0.0
167,382020,3454116,0.1450900472838178,-37.796445,10.391575,39.19892964889029,223.0,35.0,0.0,0.0,0.0,0.0,0.0,0.0,1212.662809206553,514.1437282289658,-0.7059099527161822,0.0,0.0,0.0,0.0
168,351059,3466938,20.59510631031208,-1.1687929,40.711601,40.72837503297046,232.0,35.0,48.60998608867479,46.5718025876153,71.42668002139908,1.9276773164267584,11.477957198177556,-7.746181684698793,1176.1638472596183,529.2591860657151,19.74410631031208,75.26481437112767,-7.6891866081154845,3.8021495918366024,-36.581014048335604
169,328049,3448960,20.59510631031208,-60.121906,66.090402,89.34531223066178,232.0,35.0,50.65699254728951,49.6590935356945,83.98299603016689,1.652276364098227,15.245245961412381,-7.906099587724444,1149.0380724332567,508.0654798584867,19.74410631031208,86.96202223304688,-11.361511780842626,5.902022475573165,-39.37417388630786
170,305038,3430983,20.59510631031208,-57.301302,-5.8292138e-14,57.301302,232.0,35.0,52.12994811294678,53.783970641283545,94.71507185643674,1.0571054012226115,11.0700301353029,-8.125925319591602,1121.9111187379326,486.8729525202207,19.74410631031208,93.12697058157194,-15.486751290046175,2.440693250385834,-40.19828551734531
171,362572,3461688,12.735384101170421,-364.27965,437.60126,569.3808270022008,232.0,35.0,44.85775179611775,44.24502921513724,64.42419705206872,1.8227673856313393,6.17063949511689,-9.069612270581542,1189.7361656244984,523.0701240127644,11.884384101170422,67.56585513785969,-6.459224282440562,-0.673265013611241,-34.04529533848958
172,348766,3450902,12.735384101170421,-292.0485,488.51927,569.160261713327,232.0,35.0,48.28245745549815,45.880955848413215,63.520775376038706,1.1506654311293398,12.343984987099507,-8.122607592770201,1173.4607007286818,510.3548433835972,11.884384101170422,70.80569678387799,-3.5964721511073456,4.380250835428884,-36.81586045571306
173,334959,3440115,12.735384101170421,-358.5156,383.47987,524.9669000409234,232.0,35.0,50.3251344016875,49.66587943331512,72.19907370848118,0.37955237116505897,14.010811814495387,-9.292389970044752,1157.1840569639025,497.63838388546765,11.884384101170422,79.73354195095345,-5.188084492976358,4.488429811242089,-40.979934001463995
174,321153,3429329,12.735384101170421,-175.15831,-1.1838568e-14,175.15831,232.0,35.0,52.49607750375149,53.08710218235523,81.34925098863724,0.33177394999613424,14.996580857171416,-8.17488675521454,1140.9085920680855,484.9231032563007,11.884384101170422,86.60109456478384,-8.174305832997756,5.347039180320919,-42.19284716623488
175,307347,3418542,12.735384101170421,-15.046042000000002,-7.404408999999999e-16,15.046042000000002,232.0,35.0,52.74760804070086,54.29356464609624,92.4021985321584,-0.10768435718473951,10.753456689985306,-7.021522781158136,1124.6331271722688,472.20664375817114,11.884384101170422,91.12701295844805,-13.974678204174861,2.985016055121609,-40.386282941131675
176,369151,3457332,7.495569199479911,-352.71829,648.16633,737.9226134536012,232.0,35.0,39.47022379869603,44.31616621455752,60.489324317896376,2.2071121321855074,4.373021108732728,-10.971793958000335,1197.4919445285677,517.9349708122588,6.644569199479911,64.51409575335371,-5.590222949553155,-4.365249025270568,-31.61578576368938
177,359290,3449628,7.495569199479911,-385.65155,589.93659,704.8065679590611,232.0,35.0,42.63361052654324,43.1115564194411,55.310313649962254,1.7984749367873756,6.059164552679434,-8.148581183991201,1185.8671176896823,508.85296432541463,6.644569199479911,60.20269038411937,-3.1645257062480354,-0.5808562379678832,-32.90422135506911
178,349428,3441923,7.495569199479911,-196.3749,498.414,535.704785069174,232.0,35.0,44.652370812081585,43.8329920204946,56.82574854906652,0.29620980995271384,11.452562305243404,-7.616262693609769,1174.2411119818348,499.76977896960784,6.644569199479911,64.82431402282185,-1.6294629718233935,3.7385055019293487,-34.816405857149135
179,339567,3434218,7.495569199479911,-179.01141,353.75427,396.4683700541835,232.0,35.0,46.99113063449207,47.635544983779184,59.862501889866905,0.22344988433140414,11.198969473396298,-7.000032016363718,1162.6162851429494,490.68659361380105,6.644569199479911,67.35067585959345,-1.7166538436009589,3.4883562511876374,-36.52253595082082
180,329705,3426514,7.495569199479911,-118.70296,134.68724,179.53006804315316,232.0,35.0,51.71845129978564,50.61491741095417,66.49080817540329,0.24087215386124594,11.6398028705199,-6.7067533157443835,1150.990279435102,481.60458712695663,6.644569199479911,73.02879450267417,-3.113959800959094,4.404803851434222,-38.42292385704577
181,319843,3418809,7.495569199479911,4.6227971e-14,-5.193885e-16,4.623088866970624e-14,232.0,35.0,53.568900587695964,53.25866046037022,78.251043944962,0.02742054223968537,13.167334210242648,-3.329804130430387,1139.364273727254,472.52140177114984,6.644569199479911,80.14214633978868,-8.029767752450272,6.902759823244063,-37.496366077102216
182,309982,3411104,7.495569199479911,4.1343080999999995e-15,-1.0560231e-15,4.267046783603294e-15,232.0,35.0,53.39438412667458,51.8269823649596,87.38905529801642,-1.7499140421602877,10.999016528404091,-5.258599442101693,1127.7394468883685,463.43821641534305,6.644569199479911,86.70076797744734,-11.898479817231593,5.126832457876261,-39.06444932413166
183,373702,3454557,4.002359303258,-281.24486,717.96982,771.08970535681,232.0,35.0,36.84160467143224,44.240526836932744,53.066389015220416,1.7378298360232822,6.4397861851242935,-10.180900719640823,1202.8569771767543,514.6636094414134,3.1513593032580003,59.949837283636114,-2.1568045879444497,-3.2775854869876673,-32.046336051755226
184,366799,3449163,4.002359303258,-415.40285,685.04881,801.1562892910089,232.0,35.0,35.725742613830825,41.04163435139121,50.283793259594255,1.431990627428336,6.576219876681598,-7.833716965988666,1194.7192447288458,508.3047902578676,3.1513593032580003,55.72853747397865,-2.4458778442604796,-1.3837028549715553,-30.62697088351212
185,359896,3443770,4.002359303258,-309.00215,568.6195700000002,647.1557340328583,232.0,35.0,39.778402626100174,40.984797361296124,46.09166360152047,1.1259942251256734,3.7775374982621854,-9.136643168713157,1186.5815122809372,501.9471499432839,3.1513593032580003,52.852683504790214,0.13027972030699253,-2.6613388036320655,-29.047084435285047
186,352993,3438377,4.002359303258,-146.25077,396.13112,422.2666834573234,232.0,35.0,42.69684163455558,42.789965264779035,45.082170362440266,-1.0015492949086922,8.889084690249877,-8.29053887103973,1178.443779833029,495.5895096287004,3.1513593032580003,55.91782596432231,3.4692191713040685,1.6698843856616692,-29.700501360112927
187,346089,3432984,4.002359303258,-109.75128,300.9859,320.37143358990113,232.0,35.0,40.391425591201305,42.18165040152644,52.49560053294218,-0.12393108433125043,10.705634893082285,-5.237219267405941,1170.304868516158,489.2318693141169,3.1513593032580003,58.99039035279344,-1.4425109388555235,3.788289683710298,-31.340596766562882
188,339186,3427590,4.002359303258,-99.907842,181.23436,206.947988967534,232.0,35.0,45.15278022871299,45.3010862017078,62.151426974090384,-0.32205176622369774,8.011099461683402,-8.88963412161311,1162.1671360682494,482.87305013057085,3.1513593032580003,67.90949355602542,-3.713881285342051,0.6913653380656553,-36.96801162689787
189,332283,3422197,4.002359303258,-69.83926899999999,110.74893,130.93070300964268,232.0,35.0,50.21423914066112,48.680092074332926,60.385186384206904,-0.14092185611660576,9.860718243020889,-4.485945246573517,1154.0294036203413,476.51540981598737,3.1513593032580003,65.79715571255556,-1.8767442268291603,4.54920680467452,-34.55717044140166
190,325380,3416804,4.002359303258,2.4769854e-15,98.093393,98.093393,232.0,35.0,55.058423065124515,53.12183180544351,65.82495206784185,0.06043386849468267,12.289277340082476,-4.932326607364877,1145.8916711724328,470.1577695014039,3.1513593032580003,72.6300299053409,-1.734102675436219,5.975771636174298,-37.35572264832659
191,318477,3411410,4.002359303258,1.7100139000000002e-15,20.274195,20.274195,232.0,35.0,55.13195530843085,50.873250738135916,79.35844882463523,-0.6153488205032445,13.430792212088805,-1.1198423424391595,1137.7539387245242,463.7989503178578,3.1513593032580003,79.31397636009241,-9.214782417864896,9.375278730655353,-34.44273762792601
192,311574,3406017,4.002359303258,1.2988436999999999e-14,7.0841095e-16,1.3007741609405105e-14,232.0,35.0,53.24291924009046,45.72365158672431,94.99831258441851,-1.856950035700894,8.0289582348011,-6.977468228367836,1129.6162062766157,457.44131000327434,3.1513593032580003,90.12961365964615,-17.39466293390995,4.013871905614479,-36.22600452216088
193,376900,3452835,1.673552791813191,-263.01294,984.34709,1018.8792863724888,232.0,35.0,30.46125288840331,43.01346523244877,40.72391316756554,-0.26187227541808267,6.810840947178676,-10.44733718127917,1206.6270001187231,512.6335970880457,0.822552791813191,51.67190550917175,3.2095670093410877,-4.3289615525829355,-25.614151886768745
194,372298,3449239,1.673552791813191,-412.41289,1105.8418,1180.2417034088364,232.0,35.0,39.12285100831576,41.7474921623824,44.863673987751,1.7171360523357129,2.543814033646319,-9.725898709099198,1201.201845153451,508.394384299015,0.822552791813191,51.63663822902501,0.4425543087423929,-4.231563436726622,-26.727340363093624
195,367696,3445644,1.673552791813191,-418.5027,723.88894,836.1577048389937,232.0,35.0,34.87819654619939,42.191098361059865,47.16819087231237,-1.286411560849567,7.675959055396674,-9.674282424139038,1195.7766901881787,504.15635037894685,0.822552791813191,56.63398470523925,1.169323734491389,-1.7805545346480638,-31.850204810866533
196,363094,3442048,1.673552791813191,-347.91699,622.52378,713.1494153374513,232.0,35.0,34.735755367346684,41.33686887889031,49.76958239719377,-0.21703366059028323,3.1339884879672373,-7.866247291546222,1190.351535222906,499.91713758991614,0.822552791813191,53.87940166929758,-2.2587332308983292,-3.750889161920502,-27.949165774587183
197,358492,3438453,1.673552791813191,-239.4821,489.76283,545.1782331219937,232.0,35.0,35.04291671900582,40.06975532032028,39.06455533000755,0.9661658554655661,2.636922526548547,-9.433441600058504,1184.9263802576338,495.679103669848,0.822552791813191,46.97088677489333,2.234306456274691,-4.5882226243678526,-23.079208423296976
198,353890,3434857,1.673552791813191,-135.17594,350.34663,375.5200339625577,232.0,35.0,42.09575164854352,40.4631526633389,35.734142178270126,-1.5615020605045657,4.735239746529767,-4.297404307225446,1179.5012252923616,491.4398908808173,0.822552791813191,43.91364911187564,5.379841028303316,1.5603091488663776,-20.74664913165945
199,349288,3431262,1.673552791813191,-88.564941,276.67103,290.500615516722,232.0,35.0,43.29654621540745,42.13603274590082,43.13275299562307,-2.3993441835850917,11.483298006890188,-6.764703326751136,1174.0760703270894,487.20185696074896,0.822552791813191,55.368113359334764,5.073422356241066,4.656768431352373,-26.334279119198904
200,344686,3427666,1.673552791813191,-68.307909,201.83863,213.08402800827,232.0,35.0,40.64594178257682,44.35458770249063,53.31250307841103,-5.3589477784416015,11.138444194041462,-10.789040777987612,1168.6509153618172,482.96264417171847,0.822552791813191,66.0467474220406,2.826994537229856,1.4603484715025339,-36.44614402792381
201,340084,3424071,1.673552791813191,-78.085535,136.3389,157.11666502776282,232.0,35.0,45.745845212717576,51.51744147286841,47.57676874557755,0.9086752387479721,3.785921820868705,-10.878020631825377,1163.225760396545,478.7246102516501,0.822552791813191,58.108748630955716,4.138382630813062,-4.774339295170362,-28.546979913622536
202,335481,3420475,1.673552791813191,-83.299175,107.8859,136.3015773000835,232.0,35.0,48.287583673938045,51.798579209362536,53.901707773610354,-0.8698858438935312,6.91430406355766,-5.404607072740232,1157.7994265623101,474.4853974626194,0.822552791813191,61.051857227865625,1.6957125580445513,0.8812376027019393,-34.72008822702703
203,330879,3416880,1.673552791813191,-17.841632,90.042114,91.79273460362982,232.0,35.0,50.53636713274495,50.0911756035271,54.12613969414862,-0.6066517320355593,9.604639112465433,0.5541719083193394,1152.374271597038,470.2473635425513,0.822552791813191,58.194085131601106,0.3331153051848652,6.687343263749501,-28.220816252167594
204,326277,3413284,1.673552791813191,6.7779844e-15,117.12442,117.12442,232.0,35.0,56.193467855873045,44.23180090225942,70.52604757254102,3.312138843771767,8.85217867133997,3.199970348603217,1146.9491166317653,466.00815075352057,0.822552791813191,65.06156689330447,-10.73242152465398,10.196867979943125,-24.2328532548797
205,321675,3409689,1.673552791813191,2.8955716e-15,105.29638,105.29638,232.0,35.0,54.88964917012859,48.018744266138135,82.14683213927461,-0.7375370089371969,10.311114165466336,4.700891530994449,1141.523961666493,461.77011683345245,0.822552791813191,74.49563361402244,-13.570846604426997,11.040889490085034,-27.202548980512336
206,317073,3406093,1.673552791813191,2.8531604e-15,78.41922199999998,78.41922199999998,232.0,35.0,65.62682465307367,49.44769254913912,86.26047041679993,-5.536483670728649,10.418529420060961,-8.167212161045361,1136.0988067012208,457.53090404442173,0.822552791813191,90.00949817371999,-7.495971685103612,7.876679293784201,-43.13226024845231
207,312471,3402498,1.673552791813191,-72.999487,134.66177,153.17544647167205,232.0,35.0,57.876004744181,52.317314667656404,83.37962395772553,-8.313700704401557,13.519594975377865,-9.227323112876174,1130.6736517359486,453.2928701243536,0.822552791813191,91.16173152282084,-4.480722220953144,6.773808230808996,-46.575379626999975
208,378997,3451660,0.12101507927822285,-295.48442,1019.8689,1061.811478394327,232.0,35.0,0.0,0.0,0.0,0.0,0.0,0.0,1209.099088333016,511.24842605714707,-0.7299849207217771,0.0,0.0,0.0,0.0
209,375859,3449208,0.12101507927822285,-255.86665,1162.8352,1190.6525290534018,232.0,35.0,0.0,0.0,0.0,0.0,0.0,0.0,1205.3997975287953,508.35783936117855,-0.7299849207217771,0.0,0.0,0.0,0.0
210,372722,3446757,0.12101507927822285,-514.5206400000002,913.82309,1048.7154660837027,232.0,35.0,0.0,0.0,0.0,0.0,0.0,0.0,1201.7016855935367,505.4684315341724,-0.7299849207217771,0.0,0.0,0.0,0.0
211,369584,3444305,0.12101507927822285,-439.44417,721.89856,845.1323621049324,232.0,35.0,0.0,0.0,0.0,0.0,0.0,0.0,1198.002394789316,502.57784483820365,-0.7299849207217771,0.0,0.0,0.0,0.0
212,366446,3441854,0.12101507927822285,-379.64237,664.83053,765.5899442386229,232.0,35.0,0.0,0.0,0.0,0.0,0.0,0.0,1194.3031039850948,499.6884370111975,-0.7299849207217771,0.0,0.0,0.0,0.0
213,363308,3439402,0.12101507927822285,-311.91346,588.3419,665.9100523530047,232.0,35.0,0.0,0.0,0.0,0.0,0.0,0.0,1190.603813180874,496.79785031522897,-0.7299849207217771,0.0,0.0,0.0,0.0
214,360171,3436951,0.12101507927822285,-250.6105,501.60562,560.7261548437298,232.0,35.0,0.0,0.0,0.0,0.0,0.0,0.0,1186.9057012456155,493.9084424882228,-0.7299849207217771,0.0,0.0,0.0,0.0
215,357033,3434499,0.12101507927822285,-181.3315,406.81961,445.4024112786123,232.0,35.0,0.0,0.0,0.0,0.0,0.0,0.0,1183.2064104413948,491.01785579225407,-0.7299849207217771,0.0,0.0,0.0,0.0
216,353895,3432048,0.12101507927822285,-111.75814,310.93617,330.4106288703929,232.0,35.0,0.0,0.0,0.0,0.0,0.0,0.0,1179.5071196371741,488.1284479652479,-0.7299849207217771,0.0,0.0,0.0,0.0
217,350757,3429596,0.12101507927822285,-72.650306,252.61388,262.85326577873826,232.0,35.0,0.0,0.0,0.0,0.0,0.0,0.0,1175.807828832953,485.2378612692794,-0.7299849207217771,0.0,0.0,0.0,0.0
218,347620,3427145,0.12101507927822285,-59.235212,214.17039,222.21108499225917,232.0,35.0,0.0,0.0,0.0,0.0,0.0,0.0,1172.1097168976949,482.34845344227324,-0.7299849207217771,0.0,0.0,0.0,0.0
219,344482,3424693,0.12101507927822285,-56.787823,163.59713,173.17297071228012,232.0,35.0,0.0,0.0,0.0,0.0,0.0,0.0,1168.4104260934737,479.4578667463045,-0.7299849207217771,0.0,0.0,0.0,0.0
220,341344,3422242,0.12101507927822285,-71.156754,127.76398,146.24266896243694,232.0,35.0,0.0,0.0,0.0,0.0,0.0,0.0,1164.711135289253,476.56845891929834,-0.7299849207217771,0.0,0.0,0.0,0.0
221,338206,3419790,0.12101507927822285,-97.675643,92.498383,134.52316563729138,232.0,35.0,0.0,0.0,0.0,0.0,0.0,0.0,1161.0118444850323,473.6778722233298,-0.7299849207217771,0.0,0.0,0.0,0.0
222,335068,3417339,0.12101507927822285,-62.38498000000001,90.849143,110.20640867678637,232.0,35.0,0.0,0.0,0.0,0.0,0.0,0.0,1157.312553680811,470.78846439632366,-0.7299849207217771,0.0,0.0,0.0,0.0
223,331931,3414887,0.12101507927822285,-25.283723,63.51933399999999,68.36645698399387,232.0,35.0,0.0,0.0,0.0,0.0,0.0,0.0,1153.614441745553,467.8978777003549,-0.7299849207217771,0.0,0.0,0.0,0.0
224,328793,3412436,0.12101507927822285,3.1426545000000003e-15,113.63173,113.63173,232.0,35.0,0.0,0.0,0.0,0.0,0.0,0.0,1149.9151509413318,465.00846987334876,-0.7299849207217771,0.0,0.0,0.0,0.0
225,325655,3409984,0.12101507927822285,5.6490905e-15,124.54526,124.54526,232.0,35.0,0.0,0.0,0.0,0.0,0.0,0.0,1146.2158601371111,462.11788317738,-0.7299849207217771,0.0,0.0,0.0,0.0
226,322517,3407533,0.12101507927822285,4.8474619e-15,116.50949,116.50949,232.0,35.0,0.0,0.0,0.0,0.0,0.0,0.0,1142.5165693328904,459.22847535037386,-0.7299849207217771,0.0,0.0,0.0,0.0
227,319380,3405081,0.12101507927822285,7.722687500000003e-15,104.81471,104.81471,232.0,35.0,0.0,0.0,0.0,0.0,0.0,0.0,1138.8184573976318,456.33788865440533,-0.7299849207217771,0.0,0.0,0.0,0.0
228,316242,3402630,0.12101507927822285,-25.334454,123.55296,126.1236238150479,232.0,35.0,0.0,0.0,0.0,0.0,0.0,0.0,1135.1191665934111,453.4484808273992,-0.7299849207217771,0.0,0.0,0.0,0.0
229,313104,3400178,0.12101507927822285,-160.12083,199.25328,255.61797626662974,232.0,35.0,0.0,0.0,0.0,0.0,0.0,0.0,1131.41987578919,450.55789413143043,-0.7299849207217771,0.0,0.0,0.0,0.0
230,425406,3506705,6.196874058755433,-1.6269640999999998e-13,-6.3751357e-13,6.579465584384745e-13,223.0,25.0,28.904949048871824,35.68566619146947,42.42788636156172,1.841697472069334,7.263790484213966,-4.31240107845878,1263.8092180121384,576.139268096133,5.345874058755433,46.57027736552117,0.6299356535909517,0.2563132230259244,-27.26208157463301
231,416077,3496701,6.196874058755433,-4.5648295,-3.3051922999999996e-14,4.5648295,223.0,25.0,32.37270870364127,38.268693557733584,47.519495365091515,1.1108339384718804,10.052839860600972,-4.9543053987694305,1252.8115494612857,564.3458629956149,5.345874058755433,53.32649818625552,1.7221479363599546,1.719701873128833,-29.5621429570299
232,406748,3486697,6.196874058755433,7.353702400000001e-14,2.0080269e-15,7.356443482286601e-14,223.0,25.0,35.63405356594022,40.430633956713756,55.09005361369271,0.17100473105436617,13.45095155081307,-7.355588927812074,1241.8138809104325,552.5524578950972,5.345874058755433,63.3618423980361,2.885005499968777,2.432471448872422,-34.24348991992873
233,397419,3476692,6.196874058755433,2.8522198e-13,-2.0281547e-14,2.8594216027692315e-13,223.0,25.0,35.95467483178043,42.425053302074645,58.725420096002026,0.6538480540795638,13.035602449655244,-8.960106225212531,1230.8162123595798,540.7578739256164,5.345874058755433,67.06376120058516,2.237216348375819,0.773626443692935,-37.87105692653964
234,388090,3466688,6.196874058755433,2.242637e-13,0.90226534,0.90226534,223.0,25.0,35.95932745535925,43.34208693558908,59.58332937505682,0.5229991695078066,9.095311330631525,-12.426507999309797,1219.8185438087266,528.9644688250985,5.345874058755433,67.47182655513274,1.790189109223986,-4.155691920044427,-35.958214456056545
235,378761,3456684,6.196874058755433,-1.4831445e-15,3.673702,3.673702,223.0,25.0,35.80267209964844,41.92555744646866,50.643197525123234,1.1885982456625348,7.457980399937111,-11.83110973949093,1208.820875257874,517.1710637245803,5.345874058755433,58.64885094411235,3.644960148073661,-4.487881606312007,-29.407717724237955
236,431550,3504093,3.2710553333802417,-0.16702297,-5.5240728e-14,0.16702297,223.0,25.0,23.718211492166983,34.70512818427738,33.55722327996436,1.6594823791722335,3.381354203616187,-4.240710192728132,1271.0521889175347,573.0600623661699,2.4200553333802417,36.52688892021827,1.0033452068828144,-2.987918353766583,-18.764251740624918
237,425330,3497424,3.2710553333802417,-44.76707800000001,5.2140036e-14,44.76707800000001,223.0,25.0,24.660047684362645,34.728942558354774,36.50885586900829,1.114627358728807,5.747958227831699,-2.6311482383418756,1263.719623970991,565.1981852554786,2.4200553333802417,39.62536078058504,0.6851370403707975,-0.28079961955372257,-23.034769852834703
238,419111,3490754,3.2710553333802417,-128.77212,-7.005227299999998e-13,128.77212,223.0,25.0,26.727613683414138,35.74811355345458,40.103345563161156,0.7020068942012766,5.671021694639182,-4.234346339915135,1256.38823789341,557.3351292758248,2.4200553333802417,43.72802837265745,0.7378174015210757,-1.1821728255863047,-24.843293752334883
239,412892,3484085,3.2710553333802417,-57.481836,25.388623000000006,62.83902965328973,223.0,25.0,29.84322293125721,37.26557857172578,39.55810406933909,0.25396278890014445,7.372305111561237,-2.536269634531344,1249.0568518158288,549.4732521651335,2.4200553333802417,43.8497004772009,2.08186383246068,1.3186013399924081,-23.845501615625196
240,406672,3477415,3.2710553333802417,5.5280312000000006e-15,-5.0211619e-14,5.0515005805694357e-14,223.0,25.0,33.775024662615884,39.9672632001613,42.75447112051954,0.8136976170257318,4.393037211069111,-7.592085795189674,1241.7242868692852,541.6101961854799,2.4200553333802417,47.94773459977623,2.7463353838562305,-3.5982369293386762,-24.242089419134324
241,400453,3470746,3.2710553333802417,-6.0344148e-14,122.94652,122.94652,223.0,25.0,34.522914283926,39.88450688819242,42.4718126076676,-1.025191425122702,9.987878068779189,-7.648894854515822,1234.392900791704,533.7483190747887,2.4200553333802417,51.271956352772534,6.350763818863547,-0.05683386299141202,-24.412155690844713
242,394233,3464076,3.2710553333802417,-9.9097342e-13,45.671822,45.671822,223.0,25.0,32.98481737526686,43.33885901524176,43.07021473431827,-1.3287735699912213,9.128273128757485,-8.572158298963076,1227.0603358451604,525.8852630951351,2.4200553333802417,51.958354483852915,6.5384829591366005,-2.2614541578524703,-24.256491582807055
243,388014,3457407,3.2710553333802417,-8.76191,-8.208152299999999e-14,8.76191,223.0,25.0,31.60596517322432,40.85791358292402,41.60749848803483,-0.2280588272768574,3.783161282366586,-8.012874350084504,1219.7289497675793,518.0233859844438,2.4200553333802417,46.93615760459077,3.19575017866495,-4.929794470094111,-22.286688799199197
244,381795,3450737,3.2710553333802417,-128.42893999999998,-2.7910293e-13,128.42893999999998,223.0,25.0,31.572927070881352,37.80396834324008,33.256973445566615,0.8728410010839638,4.584859085997814,-7.747391988753532,1212.3975636899982,510.16033000479024,2.4200553333802417,39.93453284614175,5.683210051609012,-3.5890494234566983,-17.239101431203963
245,435720,3502432,1.3205094530707089,-6.6669494999999985,5.7020319000000015,8.772763727820774,223.0,25.0,19.82829331442145,32.88482827405437,26.021205651210195,1.5216507680842766,1.3204285438570937,-4.0639630213657,1275.9680724910213,571.1019610195121,0.4695094530707089,28.591603129540182,1.7749187615394355,-4.584951027227604,-12.238447611280844
246,431721,3498144,1.3205094530707089,-2.3325386e-13,10.609301,10.609301,223.0,25.0,19.6807228596803,30.533190103313732,28.33684335179678,2.085954354981336,5.045023858557114,-3.0255682268261097,1271.2537755101166,566.0469709084546,0.4695094530707089,31.727856454434438,1.5189216234796596,-1.1132552581927642,-17.153509112639085
247,427723,3493857,1.3205094530707089,-32.132277,44.972582,55.272202389188855,223.0,25.0,19.50747879139205,31.41084714677507,31.125010982894764,2.2540037210480697,4.962568471457089,-4.501505818571602,1266.540657398174,560.9931596663596,0.4695094530707089,34.76935304099055,1.1159043570741094,-2.3590888823842255,-18.251910138744808
248,423725,3489569,1.3205094530707089,-150.88253,108.53952,185.8665253912907,223.0,25.0,23.637551586846982,34.83365295990867,32.54082439254119,0.8741140119135214,6.194722739821673,-3.227052790561978,1261.827539286232,555.9381695553016,0.4695094530707089,36.881538406479024,2.5773131255711013,-0.6443378550541348,-19.472287160162125
249,419727,3485281,1.3205094530707089,-188.07144,161.03201,247.59275996747903,223.0,25.0,24.636076859823664,37.5916676564277,37.68277778325027,3.5249871714967416,2.6177326812743735,-5.9593133490862495,1257.1144211742894,550.883179444244,0.4695094530707089,40.38074641031687,-0.19291802541289904,-4.95904725269385,-19.26564954090109
250,415729,3480994,1.3205094530707089,-145.56265,344.48566,373.9770782022049,223.0,25.0,21.38811303818234,26.943849472921208,31.117681727065488,2.4195539083625635,6.561736306317604,1.3220144016399384,1252.4013030623473,545.8293682021488,0.4695094530707089,32.39589552636008,-1.1562001442987722,3.8322960907007504,-15.434626862099059
251,411730,3476706,1.3205094530707089,-109.81709,326.43907,344.41582379230636,223.0,25.0,24.449080781111647,37.774822511103835,38.41682131878752,3.280771324458248,2.5792746299008606,-7.614146668120814,1247.6870060814422,540.774378091091,0.4695094530707089,41.86755531829266,0.3209253537722585,-6.164919244582128,-18.947266440306798
252,407732,3472419,1.3205094530707089,-57.253128,313.76104,318.94186129711164,223.0,25.0,30.512258391191388,38.28339909015068,36.279338131245545,2.745336069511483,0.5618162900722528,-4.267588118190695,1242.9738879695,535.7205668489958,0.4695094530707089,37.95005971124205,0.2614994691446082,-4.038612567990709,-18.722966090912223
253,403734,3468131,1.3205094530707089,-5.7959482e-14,660.84882,660.84882,223.0,25.0,28.126997990614427,34.469174982167225,32.3601148863975,0.957264801438858,4.6561859653174125,-3.693137259914663,1238.2607698575575,530.6655767379382,0.4695094530707089,36.49843679508,2.9506275765563332,-0.8786122257832605,-18.820399617662346
254,399736,3463844,1.3205094530707089,-78.947916,618.44097,623.4597074513188,223.0,25.0,27.338087667010875,36.2581810893668,31.31967048947603,1.4906964185815634,6.255372202420303,-0.7701103111691904,1233.5476517456154,525.6117654958427,0.4695094530707089,34.990866617702046,2.7728019189982183,1.5196353916244298,-17.83260248190054
255,395738,3459556,1.3205094530707089,-12.428613,354.77165,354.98928725361037,223.0,25.0,31.15861299345102,40.51353390939297,39.751930053454466,2.2912889523717506,3.033983542952,-5.9665128137821135,1228.834533633673,520.5567753847852,0.4695094530707089,43.40295491674359,1.5415810371951313,-3.9839032981184097,-21.770010130904815
256,391740,3455269,1.3205094530707089,1.6356040000000002e-13,355.30879,355.30879,223.0,25.0,24.162541623686327,32.63495965241522,38.422405301239365,-0.6626450388900529,5.515427050783262,-5.5574200696471205,1224.1214155217308,515.50296414269,0.4695094530707089,42.69084333152411,1.3298155324332157,-2.0800188095388465,-23.14572338427703
257,387741,3450981,1.3205094530707089,-130.96152,168.61766,213.5013699829254,223.0,25.0,28.76611082721568,36.88478556183019,29.323450850878675,3.4840174279204232,0.2570941330117346,-6.45886967526171,1219.4071185408256,510.44797403163216,0.4695094530707089,32.79601847676308,2.853980033417959,-5.730893657982044,-13.275397082273908
258,383743,3446694,1.3205094530707089,1.1851551999999996e-13,1.8735316e-13,2.2169153128357429e-13,223.0,25.0,25.455014799439756,30.32929766782157,25.341542951131398,1.5546216894379006,2.7748478510393073,-3.2690598495254983,1214.6940004288836,505.39416278953695,0.4695094530707089,28.752243428471054,3.0553820738299864,-1.4333420776978536,-13.876463965989547
259,438426,3501244,0.020145561038904303,-2.6225186000000003,-1.4771283000000002e-12,2.6225186000000003,223.0,25.0,0.0,0.0,0.0,0.0,0.0,0.0,1279.1580919034564,569.7014646921016,-0.8308544389610957,0.0,0.0,0.0,0.0
260,435760,3498386,0.020145561038904303,1.9468812e-12,-1.150024e-12,2.261172617800207e-12,223.0,25.0,0.0,0.0,0.0,0.0,0.0,0.0,1276.0152272495197,566.3322571973717,-0.8308544389610957,0.0,0.0,0.0,0.0
261,433095,3495528,0.020145561038904303,1.8701142e-13,-1.1639712e-12,1.1788987342600113e-12,223.0,25.0,0.0,0.0,0.0,0.0,0.0,0.0,1272.8735414645457,562.9630497026415,-0.8308544389610957,0.0,0.0,0.0,0.0
262,430429,3492669,0.020145561038904303,2.2044928e-13,57.362963,57.362963,223.0,25.0,0.0,0.0,0.0,0.0,0.0,0.0,1269.730676810609,559.592663338949,-0.8308544389610957,0.0,0.0,0.0,0.0
263,427764,3489811,0.020145561038904303,-59.957814,127.4462,140.84556561744708,223.0,25.0,0.0,0.0,0.0,0.0,0.0,0.0,1266.588991025635,556.2234558442187,-0.8308544389610957,0.0,0.0,0.0,0.0
264,425098,3486953,0.020145561038904303,-190.71749,195.96077,273.4479555068807,223.0,25.0,0.0,0.0,0.0,0.0,0.0,0.0,1263.446126371699,552.8542483494884,-0.8308544389610957,0.0,0.0,0.0,0.0
265,422433,3484094,0.020145561038904303,-295.34994,175.48078999999996,343.54780557737183,223.0,25.0,0.0,0.0,0.0,0.0,0.0,0.0,1260.3044405867245,549.483861985796,-0.8308544389610957,0.0,0.0,0.0,0.0
266,419767,3481236,0.020145561038904303,-170.174,452.68948,483.6186054926655,223.0,25.0,0.0,0.0,0.0,0.0,0.0,0.0,1257.1615759327883,546.1146544910657,-0.8308544389610957,0.0,0.0,0.0,0.0
267,417102,3478377,0.020145561038904303,-197.36797,584.16242,616.6034775462894,223.0,25.0,0.0,0.0,0.0,0.0,0.0,0.0,1254.0198901478138,542.7442681273731,-0.8308544389610957,0.0,0.0,0.0,0.0
268,414436,3475519,0.020145561038904303,-180.50139,561.13117,589.4479974836636,223.0,25.0,0.0,0.0,0.0,0.0,0.0,0.0,1250.8770254938777,539.375060632643,-0.8308544389610957,0.0,0.0,0.0,0.0
269,411771,3472661,0.020145561038904303,-148.05673000000004,497.39989,518.9676732420864,223.0,25.0,0.0,0.0,0.0,0.0,0.0,0.0,1247.7353397089037,536.0058531379127,-0.8308544389610957,0.0,0.0,0.0,0.0
270,409105,3469802,0.020145561038904303,-95.420799,467.02189,476.6702997051217,223.0,25.0,0.0,0.0,0.0,0.0,0.0,0.0,1244.592475054967,532.63546677422,-0.8308544389610957,0.0,0.0,0.0,0.0
271,406440,3466944,0.020145561038904303,-75.111627,462.92588,468.9798789760191,223.0,25.0,0.0,0.0,0.0,0.0,0.0,0.0,1241.450789269993,529.26625927949,-0.8308544389610957,0.0,0.0,0.0,0.0
272,403774,3464086,0.020145561038904303,-53.566225,998.15173,999.5880234190199,223.0,25.0,0.0,0.0,0.0,0.0,0.0,0.0,1238.3079246160564,525.8970517847597,-0.8308544389610957,0.0,0.0,0.0,0.0
273,401109,3461227,0.020145561038904303,-29.424009,1104.7711,1105.1628638806328,223.0,25.0,0.0,0.0,0.0,0.0,0.0,0.0,1235.1662388310824,522.5266654210673,-0.8308544389610957,0.0,0.0,0.0,0.0
274,398444,3458369,0.020145561038904303,4.0884121e-13,498.50611,498.50611,223.0,25.0,0.0,0.0,0.0,0.0,0.0,0.0,1232.0245530461084,519.157457926337,-0.8308544389610957,0.0,0.0,0.0,0.0
275,395778,3455511,0.020145561038904303,-0.61993533,344.59838,344.5989376339366,223.0,25.0,0.0,0.0,0.0,0.0,0.0,0.0,1228.8816883921718,515.7882504316069,-0.8308544389610957,0.0,0.0,0.0,0.0
276,393113,3452652,0.020145561038904303,-16.074394,415.08544,415.39656792330493,223.0,25.0,0.0,0.0,0.0,0.0,0.0,0.0,1225.7400026071978,512.4178640679143,-0.8308544389610957,0.0,0.0,0.0,0.0
277,390447,3449794,0.020145561038904303,8.5700499e-13,1130.1447,1130.1447,223.0,25.0,0.0,0.0,0.0,0.0,0.0,0.0,1222.5971379532612,509.04865657318396,-0.8308544389610957,0.0,0.0,0.0,0.0
278,387782,3446935,0.020145561038904303,-1.5391785e-13,-2.8227625e-13,3.215129637552504e-13,223.0,25.0,0.0,0.0,0.0,0.0,0.0,0.0,1219.4554521682871,505.67827020949153,-0.8308544389610957,0.0,0.0,0.0,0.0
279,385116,3444077,0.020145561038904303,-8.587302199999998e-14,15.950558,15.950558,223.0,25.0,0.0,0.0,0.0,0.0,0.0,0.0,1216.3125875143505,502.30906271476124,-0.8308544389610957,0.0,0.0,0.0,0.0
