,index,lon_c1,lat_c1,lon_c2,lat_c2,bottom,top,dip,azimuth,dip_m,strike_m,e_trace,n_trace,depth,easting,northing,lon,lat,utm_lon,utm_lat,fault_seg,xx_stress,yy_stress,zz_stress,xy_stress,xz_stress,yz_stress,x_pixel,y_pixel,z_pixel,sig_nn,tau_dd,tau_ss,tau_cs,strike
0,584,130.5075,69.6271,128.478,67.4178,-3.0,-0.0,35.0,47.4286,1.6728,0.0,129.49275,68.52244999999999,1.5,128.04351870392142,70.1000569824515,104.35398135642671,31.633969206283172,438738.3327321001,3500046.2576881535,s4,0.0,0.0,0.0,0.0,0.0,0.0,1279.5262912672915,568.2894834556328,-0.351,0.0,0.0,0.0,0.0,227.42860000000002
1,585,130.5075,69.6271,128.478,67.4178,-6.0,-3.0,35.0,47.4286,1.8923,0.0,129.49275,68.52244999999999,4.5,125.14505611176428,73.25527094735453,104.32316901875872,31.662357339903263,435835.8559012652,3503210.485985755,s4,20.581824378360945,32.32853395387782,29.97268274493035,1.7031535478170994,3.1863713432750127,-5.338196378081884,1276.1046514171412,572.0196939858342,2.649,34.14052176108396,-0.13455010493201947,-4.475482761559961,-16.006808206875494,227.42860000000002
2,586,130.5075,69.6271,128.478,67.4178,-9.0,-6.0,35.0,47.4286,2.0691,0.0,129.49275,68.52244999999999,7.5,122.24659351960716,76.41048491225753,104.29235668109072,31.690745473523346,432935.1632476229,3506375.5709421504,s4,24.988291904209696,33.17485567343772,35.384043497484335,1.5157556921540534,5.579517472313871,-5.267636399247116,1272.6851148781066,575.7509144044993,5.649,40.12001865233535,-0.8901883655831551,-1.9662680585201406,-21.91362165191206,227.42860000000002
3,587,130.5075,69.6271,128.478,67.4178,-12.0,-9.0,35.0,47.4286,2.221,0.0,129.49275,68.52244999999999,10.5,119.34813092745004,79.56569887716054,104.26154434342271,31.71913360714343,430036.2565955329,3509541.5137617444,s4,27.891797523738628,33.824659908318196,39.34563918616815,1.7799925200293396,7.127276481711841,-3.7900855663611637,1269.2676838008688,579.4831461314634,8.649000000000001,43.20620930675141,-2.0993484199763177,0.41740619159470205,-23.78328363967612,227.42860000000002
4,588,130.5075,69.6271,128.478,67.4178,-15.0,-12.0,35.0,47.4286,2.3088,0.0,129.49275,68.52244999999999,13.5,116.44966833529287,82.72091284206356,104.23073200575472,31.747521740763517,427139.1377719847,3512708.315644817,s4,30.227089371799703,35.63716171308915,41.11692738570988,1.5246266205736807,8.278244561630514,-2.731054125463908,1265.85236033921,583.2163905816992,11.649000000000001,45.15229069335549,-1.8484498334301342,1.8604002303712903,-24.46880777169833,227.42860000000002
5,589,128.478,67.4178,126.4484,65.2085,-3.0,-0.0,35.0,47.4286,1.3859,0.0,127.4632,66.31315000000001,1.5,126.01396870392144,67.89075698245152,104.33240606334437,31.614091662539874,436678.8546318925,3497855.3465518267,s4,0.0,0.0,0.0,0.0,0.0,0.0,1277.0984364560768,565.7066863174941,-0.351,0.0,0.0,0.0,0.0,227.42860000000002
6,590,128.478,67.4178,126.4484,65.2085,-6.0,-3.0,35.0,47.4286,1.6834,0.0,127.4632,66.31315000000001,4.5,123.11550611176428,71.04597094735453,104.30159372567637,31.642479796159957,433776.36099606653,3501020.1424334007,s4,21.048714176172936,32.39817485859301,28.110870234336907,1.9117637166947326,3.5463153008133306,-5.059303276608592,1273.6767767950437,569.4375659548245,2.649,32.941385960331935,0.7737317920581201,-4.000407722560391,-15.690285855169357,227.42860000000002
7,591,128.478,67.4178,126.4484,65.2085,-9.0,-6.0,35.0,47.4286,1.8838,0.0,127.4632,66.31315000000001,7.5,120.21704351960716,74.20118491225755,104.27078138800834,31.67086792978004,430875.650783982,3504185.7952825567,s4,25.664642873833472,33.71223422482508,34.57702052617564,1.6492164419676798,6.1400711513844,-5.299573005618751,1270.2572195569069,573.1694558446393,5.649,40.110915728962645,-0.15337897180674354,-1.612580114911325,-22.446691500396717,227.42860000000002
8,592,128.478,67.4178,126.4484,65.2085,-12.0,-9.0,35.0,47.4286,2.0679,0.0,127.4632,66.31315000000001,10.5,117.31858092745004,77.35639887716054,104.23996905034036,31.699256063400124,427976.7258215185,3507352.3063042774,s4,28.549637289684966,34.21947835808905,39.762729195480674,1.8507269637916033,7.875140944846081,-4.274223129801752,1266.8397668941384,576.9023574074549,8.649000000000001,44.44284607252588,-1.7913867660726517,0.6719909813606546,-24.75242814885452,227.42860000000002
9,593,128.478,67.4178,126.4484,65.2085,-15.0,-12.0,35.0,47.4286,2.2064,0.0,127.4632,66.31315000000001,13.5,114.42011833529287,80.51161284206358,104.20915671267235,31.72764419702021,425079.5879371817,3510519.6766994237,s4,30.732050076455238,35.74658258276451,42.3282654638702,1.634859511879948,8.925431144891801,-2.9784872956119717,1263.4244209623066,580.6362720589291,11.649000000000001,46.607181259577686,-2.1206664406233315,2.221373735957465,-24.893196998224973,227.42860000000002
10,594,126.4484,65.2085,124.4189,62.9992,-3.0,-0.0,35.0,47.4286,1.2159,0.0,125.43365,64.10385,1.5,123.98441870392143,65.68145698245151,104.31083077026196,31.59421411879657,434618.51012135815,3495664.837443,s4,0.0,0.0,0.0,0.0,0.0,0.0,1274.6695602606192,563.1243631170978,-0.351,0.0,0.0,0.0,0.0,227.42860000000002
11,595,126.4484,65.2085,124.4189,62.9992,-6.0,-3.0,35.0,47.4286,1.3762,0.0,125.43365,64.10385,4.5,121.08595611176428,68.83667094735452,104.28001843259398,31.622602252416648,431715.9991289991,3498830.2007272006,s4,21.37808318209173,31.946422519981507,27.080682784022983,2.1449349856152597,4.898413871683869,-3.591229429876857,1271.2478801385078,566.8559116477736,2.649,31.986275796698013,1.0473879271280566,-2.1593110947400422,-16.791839255452572,227.42860000000002
12,596,126.4484,65.2085,124.4189,62.9992,-9.0,-6.0,35.0,47.4286,1.6133,0.0,125.43365,64.10385,7.5,118.18749351960716,71.99188491225753,104.24920609492595,31.650990386036728,428815.2708069325,3501996.4212889527,s4,26.2180072853616,34.13325365650349,34.2067146496582,1.6903865331355985,7.0170638750891845,-5.059027364485657,1267.8283015510751,570.5884707963473,5.649,40.39842882714813,0.36993709309810185,-0.9144116247894623,-23.252648622158333,227.42860000000002
13,597,126.4484,65.2085,124.4189,62.9992,-12.0,-9.0,35.0,47.4286,1.8292,0.0,125.43365,64.10385,10.5,115.28903092745004,75.14709887716054,104.21839375725796,31.67937851965681,425916.3269825552,3505163.5003338167,s4,29.091195476655766,34.71804950877656,40.288066886887705,1.8612057039490961,8.67838581077925,-4.5679635907104,1264.4108266525818,574.3220419840168,8.649000000000001,45.67632101580393,-1.5397846196556202,1.0055449678082078,-25.566755536116947,227.42860000000002
14,598,126.4484,65.2085,124.4189,62.9992,-15.0,-12.0,35.0,47.4286,2.0201,0.0,125.43365,64.10385,13.5,112.39056833529287,78.30231284206356,104.18758141958996,31.707766653276895,423019.1694858923,3508331.439063235,s4,31.199876121036567,35.94424676365328,43.61369946480947,1.7245647954865855,9.588848859824823,-3.261423544512672,1260.995457600388,578.0566266271248,11.649000000000001,48.16356068658145,-2.390888080873708,2.5376333546687957,-25.41160104600296,227.42860000000002
15,599,124.4189,62.9992,122.3894,60.7899,-3.0,-0.0,35.0,47.4286,1.0648,0.0,123.40415,61.89455,1.5,121.95491870392141,63.47215698245151,104.28925600870859,31.574336575053266,432557.3502281149,3493474.7295937315,s4,0.0,0.0,0.0,0.0,0.0,0.0,1272.2397228357927,560.54251294914,-0.351,0.0,0.0,0.0,0.0,227.42860000000002
16,600,124.4189,62.9992,122.3894,60.7899,-6.0,-3.0,35.0,47.4286,1.1168,0.0,123.40415,61.89455,4.5,119.05645611176428,66.62737094735452,104.25844367104057,31.602724708673342,429654.82131180435,3496640.6600851133,s4,21.62920037048316,31.528100767562208,28.29469611743818,1.894994775064762,5.511363608982374,-3.66032485428154,1268.818021583692,564.2747301427571,2.649,33.283468945612526,0.7006310571251486,-1.6244016152035259,-18.201023853976807,227.42860000000002
17,601,124.4189,62.9992,122.3894,60.7899,-9.0,-6.0,35.0,47.4286,1.3177,0.0,123.40415,61.89455,7.5,116.15799351960716,69.78258491225753,104.2276313333726,31.63111284229343,426754.0743123361,3499807.448165183,s4,26.607363454441288,34.40225241516474,34.88867463602322,1.5180762421637826,7.951139116931619,-4.6951434835349195,1265.3984209780501,568.0079583210613,5.649,41.361120496329164,0.40693046805439614,-0.1065160718852689,-24.396032214827702,227.42860000000002
18,602,124.4189,62.9992,122.3894,60.7899,-12.0,-9.0,35.0,47.4286,1.5302,0.0,123.40415,61.89455,10.5,113.25953092745002,72.93779887716056,104.19681899570458,31.65950097591351,423855.1110586153,3502975.09504008,s4,29.59681068147323,35.16645483934916,41.10119630450954,1.8071403546722196,9.431057718386871,-4.700537911350605,1261.9809231749068,571.7421989059326,8.649000000000001,46.966022325523404,-1.465990681300413,1.405102023618586,-26.148987783726152,227.42860000000002
19,603,124.4189,62.9992,122.3894,60.7899,-15.0,-12.0,35.0,47.4286,1.759,0.0,123.40415,61.89455,13.5,110.36106833529287,76.09301284206356,104.16600665803658,31.687889109533597,420957.9333821885,3506143.6019118256,s4,31.663816344003678,36.214160415595366,44.92675703662791,1.7906250417828136,10.243983254995305,-3.5274213754509187,1258.5655303334156,575.4774533143959,11.649000000000001,49.741545202517415,-2.6516272266995706,2.837674749912842,-25.961175721682267,227.42860000000002
20,604,122.3894,60.7899,120.3599,58.5806,-3.0,-0.0,35.0,47.4286,1.467,0.0,121.37465,59.68525,1.5,119.92541870392144,61.262856982451495,104.26768124715521,31.554459031309964,430495.3251246079,3491285.022870709,s4,0.0,0.0,0.0,0.0,0.0,0.0,1269.808865441441,557.9611356564637,-0.351,0.0,0.0,0.0,0.0,227.42860000000002
21,605,122.3894,60.7899,120.3599,58.5806,-6.0,-3.0,35.0,47.4286,1.025,0.0,121.37465,59.68525,4.5,117.02695611176428,64.41807094735452,104.23686890948721,31.582847164930037,427592.77773136203,3494451.5203884845,s4,22.060100102846473,31.877683148460303,30.355885203558323,1.7082502735655796,6.532797424520121,-3.6291065343423896,1266.3871424074546,561.6940212998975,2.649,35.48274869630579,0.22982661434286555,-0.95861286202699,-20.303870899953406,227.42860000000002
22,606,122.3894,60.7899,120.3599,58.5806,-9.0,-6.0,35.0,47.4286,1.0456,0.0,121.37465,59.68525,7.5,114.12849351960716,67.57328491225753,104.2060565718192,31.61123529855012,424692.0115014988,3497618.875807263,s4,26.953307284068295,34.60229311615708,36.26821484012628,1.2253906918159725,8.255776421576728,-4.741889398107789,1262.967519131697,565.4279182961964,5.649,42.696540405677226,0.10340512422045478,0.10725982460383054,-25.468936694634326,227.42860000000002
23,607,122.3894,60.7899,120.3599,58.5806,-12.0,-9.0,35.0,47.4286,1.2034,0.0,121.37465,59.68525,10.5,111.23003092745004,70.72849887716055,104.17524423415121,31.639623432170204,421793.0282654489,3500787.090333764,s4,30.157007034528295,35.5162458566046,42.1721427900409,1.6864700264181838,10.062949753818938,-4.876894599348674,1259.549997772006,569.1628280679251,8.649000000000001,48.394695593239845,-1.5124594073193887,1.7545474130103758,-26.720360992597012,227.42860000000002
24,608,122.3894,60.7899,120.3599,58.5806,-15.0,-12.0,35.0,47.4286,1.4436,0.0,121.37465,59.68525,13.5,108.33156833529287,73.88371284206356,104.1444318964832,31.66801156579029,418895.82985627116,3503956.1651705895,s4,32.142292499778605,36.482145024084254,46.34816702001399,1.820110143491525,10.911554517768353,-3.7700618475151013,1256.134580489318,572.8987520327933,11.649000000000001,51.39781178730671,-2.946523745094879,3.1646438231339014,-26.514687453083912,227.42860000000002
25,609,120.3599,58.5806,118.3303,56.3712,-3.0,-0.0,35.0,47.4286,1.651,0.0,119.3451,57.4759,1.5,117.89586870392144,59.053506982451495,104.24610595407282,31.534581037705976,428432.3845962517,3489095.6673170086,s4,0.0,0.0,0.0,0.0,0.0,0.0,1267.3769288811468,555.3801723464021,-0.351,0.0,0.0,0.0,0.0,227.42860000000002
26,610,120.3599,58.5806,118.3303,56.3712,-6.0,-3.0,35.0,47.4286,0.9119,0.0,119.3451,57.4759,4.5,114.99740611176428,62.20872094735453,104.21529361640482,31.56296917132606,425529.8181731352,3492262.731694661,s4,22.399564890247007,32.56255050147829,32.11940925865084,2.090279268806543,5.844272293580959,-4.135554481619803,1263.9551834134368,559.1137262433508,2.649,36.62693809950329,-0.5618477907304911,-1.7718773282091604,-20.11734005852636,227.42860000000002
27,611,120.3599,58.5806,118.3303,56.3712,-9.0,-6.0,35.0,47.4286,0.7604999999999998,0.0,119.3451,57.4759,7.5,112.09894351960716,65.36393491225753,104.1844812787368,31.591357304946147,422629.03215993155,3495430.6542868223,s4,27.744267390827588,34.960113071913895,36.69809011628715,1.179190983880746,8.350107652873804,-4.9953387679983425,1260.5355368157134,562.8482918627469,5.649,43.41843131553503,0.2699818409882315,0.14973014958722253,-25.74233672636016,227.42860000000002
28,612,120.3599,58.5806,118.3303,56.3712,-12.0,-9.0,35.0,47.4286,0.8671,0.0,119.3451,57.4759,10.5,109.20048092745004,68.51914887716055,104.15366894106882,31.619745438566227,419730.0283885848,3498599.4363007927,s4,30.789852298408917,35.89343934364786,43.28410393587207,1.5730457674062295,10.662228115297467,-5.134757125974874,1257.1179912475982,566.58387062784,8.649000000000001,49.900013562348526,-1.546003476570199,2.051728623577513,-27.37101668269884,227.42860000000002
29,613,120.3599,58.5806,118.3303,56.3712,-15.0,-12.0,35.0,47.4286,1.1002,0.0,119.3451,57.4759,13.5,106.30201833529287,71.67436284206356,104.12285660340082,31.648133572186307,416832.808693676,3501769.0789397536,s4,32.607222863813824,36.745409927027495,47.91819003240446,1.7904488075142295,11.56881441651348,-4.056347056394454,1253.7025488718227,570.3204639570222,11.649000000000001,53.19395436257193,-3.27906382871128,3.461556625181153,-27.148287691485503,227.42860000000002
30,614,118.3303,56.3712,116.3008,54.1619,-3.0,-0.0,35.0,47.4286,1.4023,0.0,117.31555,55.26655,1.5,115.86631870392144,56.84415698245151,104.22453066099042,31.514703044102003,426368.5799926783,3486906.712023868,s4,0.0,0.0,0.0,0.0,0.0,0.0,1264.9439736893983,552.7996808910912,-0.351,0.0,0.0,0.0,0.0,227.42860000000002
31,615,118.3303,56.3712,116.3008,54.1619,-6.0,-3.0,35.0,47.4286,0.6446,0.0,117.31555,55.26655,4.5,112.96785611176428,59.99937094735453,104.19371832332243,31.543091177722076,423465.9939852016,3490074.343081158,s4,23.406825356524088,32.35528275776927,32.82762384722017,1.7534517279940816,6.430662664801872,-4.163335793298591,1261.5222051342935,556.5339028290764,2.649,37.71925021169278,-0.4304568469172185,-1.0701114997581016,-21.4781067088228,227.42860000000002
32,616,118.3303,56.3712,116.3008,54.1619,-9.0,-6.0,35.0,47.4286,0.4482,0.0,117.31555,55.26655,7.5,110.06939351960716,63.15458491225754,104.16290598565443,31.571479311342163,420565.18763416813,3493242.8326676437,s4,28.522595821451407,35.28192891156888,37.61413426523492,1.0721549141560456,9.120716515939417,-4.864439634927174,1258.1025345609332,560.2691368604833,5.649,44.64210190659985,0.2843932077414699,0.8227916836096147,-25.91470634888574,227.42860000000002
33,617,118.3303,56.3712,116.3008,54.1619,-12.0,-9.0,35.0,47.4286,0.5386,0.0,117.31555,55.26655,10.5,107.17093092745004,66.30979887716056,104.13209364798644,31.59986744496225,417666.16277303634,3496412.181991203,s4,31.373273569699926,36.303668931464784,44.60162301601517,1.4280443110904442,11.25524625750301,-5.403931362959984,1254.6849641307253,564.0053844092431,8.649000000000001,51.55591531816091,-1.6621540118208138,2.316834737234363,-28.08214968211707,227.42860000000002
34,618,118.3303,56.3712,116.3008,54.1619,-15.0,-12.0,35.0,47.4286,0.7596,0.0,117.31555,55.26655,13.5,104.27246833529287,69.46501284206357,104.10128131031843,31.62825557858233,414768.9212379052,3499582.3922556015,s4,33.013067913451195,37.035280669883825,49.60208712961804,1.718864441662796,12.14118060826464,-4.4332364314687185,1251.26949600819,567.7426468944359,11.649000000000001,55.08483347020647,-3.6482279265469373,3.634596699555625,-27.90115638243769,227.42860000000002
35,619,116.3008,54.1619,114.2713,51.9526,-3.0,-0.0,35.0,47.4286,0.7348,0.0,115.28605,53.05725,1.5,113.83681870392141,54.634856982451495,104.20295589943707,31.49482550035869,424303.9627446265,3484718.2060421426,s4,0.0,0.0,0.0,0.0,0.0,0.0,1262.5100604962963,550.2197191150622,-0.351,0.0,0.0,0.0,0.0,227.42860000000002
36,620,116.3008,54.1619,114.2713,51.9526,-6.0,-3.0,35.0,47.4286,0.3542,0.0,115.28605,53.05725,4.5,110.93835611176428,57.79007094735453,104.17214356176905,31.523213633978767,421401.3565967967,3487886.403585122,s4,23.668652216168553,33.76671264503753,32.6275118226839,1.67600147037524,6.320339220872418,-4.73123413931483,1259.0882681983544,553.9546088654442,2.649,38.22448077762953,0.2332913667425629,-1.7761199163592938,-21.143312788757804,227.42860000000002
37,621,116.3008,54.1619,114.2713,51.9526,-9.0,-6.0,35.0,47.4286,0.1792,0.0,115.28605,53.05725,7.5,108.03989351960716,60.945284912257534,104.14133122410105,31.551601767598854,418500.5293519559,3491055.459973152,s4,29.088117457339976,35.6696018694488,39.57674641679418,0.8927447283404641,9.304588226623,-5.3310628289570605,1255.6685729939336,557.6905110815997,5.649,46.611967992973646,-0.1732754562168406,0.7346622570835595,-27.21236093932156,227.42860000000002
38,622,116.3008,54.1619,114.2713,51.9526,-12.0,-9.0,35.0,47.4286,0.2585,0.0,115.28605,53.05725,10.5,105.14143092745,64.10049887716055,104.11051888643307,31.579989901218934,415601.4828450817,3494225.376414694,s4,31.94209201393035,36.727287407312524,45.95811367540877,1.3080171712376616,11.631615115128819,-5.77084756888716,1252.2509770462316,561.4274271881468,8.649000000000001,53.15988430789453,-1.8335449284615564,2.3878699253412057,-28.8853144044447,227.42860000000002
39,623,116.3008,54.1619,114.2713,51.9526,-15.0,-12.0,35.0,47.4286,0.46,0.0,115.28605,53.05725,13.5,102.24296833529287,67.25571284206357,104.07970654876505,31.60837803483902,412704.2189137879,3497396.154114095,s4,33.36916107673766,37.37507793950724,51.23946335868444,1.663823236522009,12.568020333849677,-4.876647997705899,1248.8354825215547,565.1653586048528,11.649000000000001,56.894012906288424,-4.018171939026022,3.6536960940140837,-28.705459311041448,227.42860000000002
40,624,114.2713,51.9526,112.2418,49.7433,-3.0,-0.0,35.0,47.4286,0.9144000000000002,0.0,113.25655,50.84795,1.5,111.80731870392144,52.425556982451496,104.18138113788366,31.474947956615384,422238.48263560474,3482530.0994120333,s4,0.0,0.0,0.0,0.0,0.0,0.0,1260.0751301031783,547.6402281222583,-0.351,0.0,0.0,0.0,0.0,227.42860000000002
41,625,114.2713,51.9526,112.2418,49.7433,-6.0,-3.0,35.0,47.4286,0.3151,0.0,113.25655,50.84795,4.5,108.90885611176428,55.58077094735452,104.15056880021568,31.503336090235468,419335.85579148907,3485698.8632610254,s4,24.752111741545924,34.06056607264737,35.15472248155736,2.0407654232443835,6.044009413646292,-4.44421963804563,1256.6533134070269,551.3757854732221,2.649,39.64196901811266,-0.9532495567178039,-1.5758422653958921,-21.94345299364894,227.42860000000002
42,626,114.2713,51.9526,112.2418,49.7433,-9.0,-6.0,35.0,47.4286,0.0616,0.0,113.25655,50.84795,7.5,106.01039351960716,58.735984912257535,104.11975646254768,31.53172422385555,416435.007096908,3488868.486272105,s4,30.13580316696401,36.25989836285619,40.28469773674106,0.9458202204909388,9.303112230305146,-5.774381646157554,1253.2335929161727,555.1123556637044,5.649,47.638529319868624,-0.043730120344436685,0.6162259424907743,-27.965341956577742,227.42860000000002
43,627,114.2713,51.9526,112.2418,49.7433,-12.0,-9.0,35.0,47.4286,0.08419999999999998,0.0,113.25655,50.84795,10.5,103.11193092745005,61.89119887716056,104.08894412487966,31.560112357475628,413535.938388353,3492038.969654316,s4,32.620231626860004,37.09449431415575,47.12737966218795,1.2935424309658403,12.075339236769125,-6.088551475441444,1249.8159707955988,558.8499401190097,8.649000000000001,54.61878008762105,-1.9540620700219815,2.5690421947961166,-29.543523271438062,227.42860000000002
44,628,114.2713,51.9526,112.2418,49.7433,-15.0,-12.0,35.0,47.4286,0.2421,0.0,113.25655,50.84795,13.5,100.21346833529287,65.04641284206357,104.05813178721165,31.588500491095715,410638.6515049624,3495210.314612587,s4,33.711529299882386,37.728971978038935,52.75883406287842,1.6661676011511304,12.932362003521028,-5.25958999830749,1246.4004492134072,562.5885402595909,11.649000000000001,58.52406970810232,-4.388587869837531,3.657866131149105,-29.40132637664114,227.42860000000002
45,629,112.2418,49.7433,110.2122,47.534,-3.0,-0.0,35.0,47.4286,1.4980000000000002,0.0,111.227,48.63865,1.5,109.77776870392144,50.216256982451505,104.1598058448013,31.455070412872075,420172.0897484502,3480342.3920739824,s4,0.0,0.0,0.0,0.0,0.0,0.0,1257.6391236642494,545.0612078424692,-0.351,0.0,0.0,0.0,0.0,227.42860000000002
46,630,112.2418,49.7433,110.2122,47.534,-6.0,-3.0,35.0,47.4286,0.6434,0.0,111.227,48.63865,4.5,106.87930611176428,53.371470947354524,104.12899350713327,31.483458546492162,417269.4416664307,3483511.7220639726,s4,26.044078651042295,34.256673632307404,33.58756037902179,2.4636978982526414,6.147559785710746,-4.46314076411242,1254.2172819313923,548.7974325994837,2.649,38.76018585236566,-0.05841387316847246,-1.2312499926571692,-22.023476640503915,227.42860000000002
47,631,112.2418,49.7433,110.2122,47.534,-9.0,-6.0,35.0,47.4286,0.1685,0.0,111.227,48.63865,7.5,103.98084351960716,56.52668491225754,104.09818116946528,31.51184668011224,414368.5709805006,3486681.9115342805,s4,31.078334812875884,36.64939383030653,40.676713855217386,0.7585964090593629,9.933601926162925,-5.967691534494303,1250.79753551562,552.534670571169,5.649,48.7089419562759,0.3562287642919504,1.0565723888644052,-28.110356588408635,227.42860000000002
48,632,112.2418,49.7433,110.2122,47.534,-12.0,-9.0,35.0,47.4286,0.0599,0.0,111.227,48.63865,10.5,101.08238092745005,59.681898877160556,104.06736883179728,31.54023481373233,411469.47952866735,3489852.961694535,s4,33.20173083220739,37.33206743223968,48.53518698678048,1.1960376727740214,12.73606372511365,-6.431673203167511,1247.3798865837007,556.2729231835183,8.649000000000001,56.38281595063523,-2.144987497932247,2.880495361287659,-30.23827969504174,227.42860000000002
49,633,112.2418,49.7433,110.2122,47.534,-15.0,-12.0,35.0,47.4286,0.1364,0.0,111.227,48.63865,13.5,98.18391833529287,62.83711284206357,104.03655649412927,31.56862294735241,408572.1691515837,3493024.8737502415,s4,34.00675462954364,38.00022479771749,54.37981633650136,1.6663523936720415,13.323009757534592,-5.558531579456256,1243.9643373055242,560.0121918576651,11.649000000000001,60.159766429102895,-4.852000972264378,3.73470414149576,-29.97295789357565,227.42860000000002
50,634,110.2122,47.534,108.1827,45.3247,-3.0,-0.0,35.0,47.4286,2.1114,0.0,109.19745,46.42935,1.5,107.74821870392144,48.006956982451506,104.13823055171892,31.43519286912877,418104.83514957095,3478155.0832140795,s4,0.0,0.0,0.0,0.0,0.0,0.0,1255.202101380114,542.4826573162011,-0.351,0.0,0.0,0.0,0.0,227.42860000000002
51,635,110.2122,47.534,108.1827,45.3247,-6.0,-3.0,35.0,47.4286,1.1343,0.0,109.19745,46.42935,4.5,104.84975611176428,51.162170947354525,104.10741821405092,31.463581002748853,415202.1652722168,3481324.979165946,s4,25.839157192796385,33.572568878670396,33.58778816447661,1.6068775513549776,7.199613309498677,-3.302908090906615,1251.7802339534132,546.2195492681058,2.649,38.754191092468865,0.0754121053172927,0.22490501778988303,-23.015303246279622,227.42860000000002
52,636,110.2122,47.534,108.1827,45.3247,-9.0,-6.0,35.0,47.4286,0.4523,0.0,109.19745,46.42935,7.5,101.95129351960716,54.31738491225754,104.07660587638293,31.491969136368933,412301.2720375018,3484495.734917546,s4,31.541079775988592,36.9934455996346,41.57820305320947,0.3908985611818603,10.649958946811054,-6.2051809391672474,1248.3604609555778,549.95745481123,5.649,50.185188882512634,0.5175508107733187,1.4088836405340226,-28.610176304080955,227.42860000000002
53,637,110.2122,47.534,108.1827,45.3247,-12.0,-9.0,35.0,47.4286,0.1791,0.0,109.19745,46.42935,10.5,99.05283092745005,57.47259887716056,104.0457935387149,31.52035726998902,409402.1572849545,3487667.3516790858,s4,33.607008155217144,37.62922446549518,50.22415908696628,0.9885014174484156,13.369364537276276,-6.964827157950738,1244.9427845551704,553.6963753722489,8.649000000000001,58.46975651809229,-2.39769613890841,3.0080566021230695,-31.235121362820287,227.42860000000002
54,638,110.2122,47.534,108.1827,45.3247,-15.0,-12.0,35.0,47.4286,0.1484,0.0,109.19745,46.42935,13.5,96.15436833529287,60.62781284206357,104.01498120104692,31.548745403609104,406504.8228567458,3490839.830656654,s4,34.21988942523319,38.179774507378774,56.251594174398704,1.597292794237829,13.655982463669575,-5.922566219587637,1241.5272069238686,557.4363123729827,11.649000000000001,61.96610758326721,-5.438800893736451,3.746787185534312,-30.575198683942652,227.42860000000002
55,639,108.1827,45.3247,106.1532,43.1154,-3.0,-0.0,35.0,47.4286,2.6129,0.0,107.16795,44.22005,1.5,105.71871870392144,45.79765698245151,104.11665579016552,31.415315325385464,416036.7699479371,3475968.1719782967,s4,0.0,0.0,0.0,0.0,0.0,0.0,1252.7641235015499,539.9045755366667,-0.351,0.0,0.0,0.0,0.0,227.42860000000002
56,640,108.1827,45.3247,106.1532,43.1154,-6.0,-3.0,35.0,47.4286,1.5586,0.0,107.16795,44.22005,4.5,102.82025611176428,48.952870947354526,104.08584345249751,31.44370345900555,413134.0777020469,3479138.633698824,s4,26.277863977016757,33.26939886579206,37.936672037733864,0.8769948452298213,7.365743151685242,-3.693975677501438,1249.342229705277,543.6421344556854,2.649,42.29979773196952,-1.4721707236841208,0.35585300962063604,-23.865310052379286,227.42860000000002
57,641,108.1827,45.3247,106.1532,43.1154,-9.0,-6.0,35.0,47.4286,0.7674999999999998,0.0,107.16795,44.22005,7.5,99.92179351960716,52.10808491225754,104.05503111482952,31.472091592625627,410233.16134534037,3482309.95553966,s4,31.90682342050774,37.43418342512197,43.13488894892173,-0.05367414559920684,11.070780946791974,-6.641913621488782,1245.9224294496435,547.3807073438402,5.649,52.07893172828006,0.39260320724875086,1.420885198239978,-29.773231489935736,227.42860000000002
58,642,108.1827,45.3247,106.1532,43.1154,-12.0,-9.0,35.0,47.4286,0.3724,0.0,107.16795,44.22005,10.5,97.02333092745,55.26329887716056,104.02421877716152,31.500479726245715,407334.02271886467,3485482.1387115936,s4,33.83959919355994,38.05256061119978,52.12920504958481,0.7255160042796539,13.730638196531533,-7.693491437904634,1242.5047249050026,551.1202956284924,8.649000000000001,60.678741139710525,-2.744645215441503,2.7804619259473586,-32.50032186909234,227.42860000000002
59,643,108.1827,45.3247,106.1532,43.1154,-15.0,-12.0,35.0,47.4286,0.2482,0.0,107.16795,44.22005,13.5,94.12486833529287,58.41851284206357,103.99340643949353,31.528867859865798,404436.6636663073,3488655.1844213014,s4,34.35175497552682,38.36570428885158,58.25351193630672,1.4769775489421046,13.803377133723474,-6.5029262811299215,1239.08911824482,554.8609007321552,11.649000000000001,63.897206105306466,-6.067052375176935,3.504483051447629,-31.331860505425624,227.42860000000002
60,644,106.1532,43.1154,104.1236,40.9061,-3.0,-0.0,35.0,47.4286,2.4845,0.0,105.1384,42.01075,1.5,103.68916870392141,43.58835698245151,104.09508049708315,31.395437781642162,413967.7936892005,3473781.658720039,s4,0.0,0.0,0.0,0.0,0.0,0.0,1250.3250716060447,537.3269629204842,-0.351,0.0,0.0,0.0,0.0,227.42860000000002
61,645,106.1532,43.1154,104.1236,40.9061,-6.0,-3.0,35.0,47.4286,1.687,0.0,105.1384,42.01075,4.5,100.79070611176428,46.74357094735453,104.06426815941515,31.42382591526224,411065.0785309094,3476952.686045045,s4,27.33291444128638,35.13427829156228,39.218615540741744,1.0311087354594326,5.975832992720399,-6.889187594860113,1246.903150799053,541.0651886130684,2.649,44.92864660141181,-0.9613700045750662,-2.4921824581245717,-24.286007380975988,227.42860000000002
62,646,106.1532,43.1154,104.1236,40.9061,-9.0,-6.0,35.0,47.4286,0.958,0.0,105.1384,42.01075,7.5,97.89224351960716,49.89878491225754,104.03345582174713,31.452214048882322,408164.1385083553,3480124.573812132,s4,32.34744915176007,37.9974720037835,44.96434118644077,-0.2219729627002909,10.798530622419866,-7.530286388170277,1243.4833226444866,544.8044286541151,5.649,53.970231316233715,0.0108813421770666,0.7374677533111762,-31.644590763655543,227.42860000000002
63,647,106.1532,43.1154,104.1236,40.9061,-12.0,-9.0,35.0,47.4286,0.5374,0.0,105.1384,42.01075,10.5,94.99378092745,53.05399887716056,104.00264348407913,31.48060218250241,405264.975464103,3483297.3232326717,s4,34.03911343088522,38.623365220552834,53.7034549825457,0.5794791190835946,13.62683105494184,-8.611812148939245,1240.0655893144867,548.5446844716744,8.649000000000001,62.484343087389064,-3.020297279367309,2.1099335786553466,-33.80631279105913,227.42860000000002
64,648,106.1532,43.1154,104.1236,40.9061,-15.0,-12.0,35.0,47.4286,0.37200000000000005,0.0,105.1384,42.01075,13.5,92.09531833529287,56.20921284206357,103.97183114641115,31.50899031612249,402367.5912433555,3486470.93551392,s4,34.44491489653676,38.65547491691318,60.00937649583427,1.3936419092049137,13.665729738239458,-7.2880632649018455,1236.6499529843059,552.2859574889412,11.649000000000001,65.62428418442197,-6.593246354061852,2.9342170336852407,-32.157886570911984,227.42860000000002
65,649,104.1236,40.9061,102.0941,38.6968,-3.0,-0.0,35.0,47.4286,1.7504,0.0,103.10885,39.80145,1.5,101.65961870392141,41.37905698245151,104.07350520400075,31.37556023789885,411897.95747026714,3471595.5425931537,s4,0.0,0.0,0.0,0.0,0.0,0.0,1247.8850059301544,534.7498184701512,-0.351,0.0,0.0,0.0,0.0,227.42860000000002
66,650,104.1236,40.9061,102.0941,38.6968,-6.0,-3.0,35.0,47.4286,1.4194,0.0,103.10885,39.80145,4.5,98.7611561117643,44.53427094735453,104.04269286633276,31.403948371518933,408995.21883993526,3474767.135344358,s4,28.22105232937108,36.54758729263888,37.72241974603443,1.5921426183586103,5.680475555874315,-6.7153336956144045,1244.4630574527027,538.4887107261309,2.649,43.8185911485595,-0.08206056934240813,-2.751333320884723,-23.538597881429205,227.42860000000002
67,651,104.1236,40.9061,102.0941,38.6968,-9.0,-6.0,35.0,47.4286,0.9274,0.0,103.10885,39.80145,7.5,95.86269351960716,47.68948491225754,104.01188052866478,31.432336505139023,406094.2545918912,3477939.5888605923,s4,33.19040337648291,38.624586772558324,45.235432094637794,0.14805457063538308,10.402511331346208,-8.510630206103098,1241.043200739458,542.228617711288,5.649,54.69631704262237,0.2066323126633307,-0.0009951954241729233,-32.61115551636287,227.42860000000002
68,652,104.1236,40.9061,102.0941,38.6968,-12.0,-9.0,35.0,47.4286,0.589,0.0,103.10885,39.80145,10.5,92.96423092745,50.84469887716056,103.98106819099677,31.460724638759107,403195.0665702171,3481112.904353815,s4,34.31116724457091,39.24113558287163,54.49540695149057,0.6837408019084704,13.396220484237167,-9.359425258732372,1237.6254379643506,545.9695408543635,8.649000000000001,63.503523365371194,-3.0903399840679793,1.4526625536186435,-34.68737688266079,227.42860000000002
69,653,104.1236,40.9061,102.0941,38.6968,-15.0,-12.0,35.0,47.4286,0.4457,0.0,103.10885,39.80145,13.5,90.06576833529286,53.99991284206357,103.95025585332876,31.489112772379194,400297.6566216381,3484287.083031862,s4,34.55839718725268,39.045178483313585,61.24962621803567,1.4181381656871364,13.363743058707643,-8.081110188456208,1234.2097713044282,549.711481579237,11.649000000000001,66.89192326137305,-6.933861166722615,2.2324432252889483,-32.850771111755726,227.42860000000002
70,654,102.0941,38.6968,100.0646,36.4875,-3.0,-0.0,35.0,47.4286,0.9574,0.0,101.07935,37.59215,1.5,99.63011870392143,39.1697569824515,104.05193044244741,31.35568269415555,409827.3124305739,3469409.822711468,s4,0.0,0.0,0.0,0.0,0.0,0.0,1245.4439867605743,532.1731411409855,-0.351,0.0,0.0,0.0,0.0,227.42860000000002
71,655,102.0941,38.6968,100.0646,36.4875,-6.0,-3.0,35.0,47.4286,0.9355,0.0,101.07935,37.59215,4.5,96.73165611176428,42.32497094735453,104.02111810477938,31.38407082777563,406924.5497528304,3472581.9806964844,s4,29.834776308329413,36.545349336345545,36.687621625036705,1.3873261484986625,5.492492549862402,-6.403447239207945,1242.022009934375,535.9126997335625,2.649,43.09861052673746,0.7244015682470497,-2.2201767304292304,-23.52379860486331,227.42860000000002
72,656,102.0941,38.6968,100.0646,36.4875,-9.0,-6.0,35.0,47.4286,0.7027,0.0,101.07935,37.59215,7.5,93.83319351960716,45.480184912257535,103.99030576711138,31.412458961395718,404023.56070392224,3475754.999770643,s4,33.8984422159828,38.92658331061289,45.00580496223055,0.41351055807488446,11.162382259416109,-8.64569978546798,1238.6021239841616,539.6532734374034,5.649,55.192235213726214,0.629289338542387,0.4856857244161361,-32.32042245660652,227.42860000000002
73,657,102.0941,38.6968,100.0646,36.4875,-12.0,-9.0,35.0,47.4286,0.5018,0.0,101.07935,37.59215,10.5,90.93473092745005,48.63539887716056,103.95949342944338,31.4408470950158,401124.3471294457,3478928.8811464882,s4,34.44626924295331,39.66510617146505,55.00807317078885,0.8348918177175999,13.37238239821289,-9.716589684182926,1235.1843310856484,543.3948636819387,8.649000000000001,64.12597870682066,-3.180446537807672,1.1504673327395585,-35.09345546090609,227.42860000000002
74,658,102.0941,38.6968,100.0646,36.4875,-15.0,-12.0,35.0,47.4286,0.4219,0.0,101.07935,37.59215,13.5,88.03626833529292,51.79061284206357,103.92868109177536,31.469235228635878,398226.91087764397,3482103.626032445,s4,34.66345312157479,39.42550297193925,62.05860081038415,1.4898898383523267,13.046946882641956,-8.706197126290496,1231.7686334176733,547.1374718917434,11.649000000000001,67.72609286370712,-7.14389948905716,1.6127900443527032,-33.3119686934454,227.42860000000002
75,659,100.0646,36.4875,98.0351,34.2782,-3.0,-0.0,35.0,47.4286,0.5489,0.0,99.04985,35.38285,1.5,97.60061870392141,36.960456982451504,104.03035568089399,31.33580515041224,407755.8086167738,3467224.499039045,s4,0.0,0.0,0.0,0.0,0.0,0.0,1243.0019552088538,529.5969308906219,-0.351,0.0,0.0,0.0,0.0,227.42860000000002
76,660,100.0646,36.4875,98.0351,34.2782,-6.0,-3.0,35.0,47.4286,0.5297,0.0,99.04985,35.38285,4.5,94.70215611176428,40.11567094735452,103.999543343226,31.364193284032325,404853.02133053454,3470397.2220801427,s4,30.91805603605805,36.55733698186933,34.037971450190625,1.0680012457194803,7.124391619507909,-6.4343452768043194,1239.579949372463,533.3371556102752,2.649,42.649387447157594,2.7401892325448944,-0.931213681656971,-22.695535726466442,227.42860000000002
77,661,100.0646,36.4875,98.0351,34.2782,-9.0,-6.0,35.0,47.4286,0.4188,0.0,99.04985,35.38285,7.5,91.80369351960717,43.27088491225753,103.968731005558,31.392581417652412,401952.00691967295,3473570.80653568,s4,33.90832608309624,38.926765410510505,45.928662799552406,0.24391761498827216,12.064366633531845,-8.952225082133307,1236.160033523829,537.0783958246752,5.649,56.654119654165385,0.5631631383548292,0.8709535022026,-32.955306076038916,227.42860000000002
78,662,100.0646,36.4875,98.0351,34.2782,-12.0,-9.0,35.0,47.4286,0.3224,0.0,99.04985,35.38285,10.5,88.90523092745,46.426098877160555,103.93791866789,31.42096955127249,399052.7672313066,3476745.2536187815,s4,34.34247113246696,39.85150730858038,55.720221406877,0.883477000572453,13.339571251640768,-9.896088000802319,1232.7422098404622,540.8206529639369,8.649000000000001,64.7088989363639,-3.474995058830892,0.945916116740869,-35.223902432090256,227.42860000000002
79,663,100.0646,36.4875,98.0351,34.2782,-15.0,-12.0,35.0,47.4286,0.3049,0.0,99.04985,35.38285,13.5,86.00676833529286,49.58131284206357,103.90710633022199,31.449357684892572,396155.3041151972,3479920.564538456,s4,34.71035981397663,39.724209963392724,62.65036011171556,1.5295128257631552,12.708866991695285,-9.171649574247768,1229.3264805029885,544.5639284533233,11.649000000000001,68.27772216242646,-7.315272580493033,1.0770276078231142,-33.57250039393524,227.42860000000002
80,664,98.0351,34.2782,96.0055,32.0689,-3.0,-0.0,35.0,47.4286,0.6092,0.0,97.0203,33.17355,1.5,95.57106870392141,34.751156982451505,104.00878038781158,31.315927606668936,405683.396031746,3465039.571578012,s4,0.0,0.0,0.0,0.0,0.0,0.0,1240.5588523349388,527.0211877215686,-0.351,0.0,0.0,0.0,0.0,227.42860000000002
81,665,98.0351,34.2782,96.0055,32.0689,-6.0,-3.0,35.0,47.4286,0.3803,0.0,97.0203,33.17355,4.5,92.67260611176428,37.90637094735453,103.97796805014363,31.344315740289016,402780.58359015104,3468212.859512126,s4,30.40140865258182,36.95576278040596,35.34472901916791,0.4113306967354175,8.287808185483183,-5.949345989753804,1237.1368168436798,530.7620783760663,2.649,44.13876075949557,2.57110078800984,-0.19020912484618524,-23.905129466334795,227.42860000000002
82,666,98.0351,34.2782,96.0055,32.0689,-9.0,-6.0,35.0,47.4286,0.2205,0.0,97.0203,33.17355,7.5,89.77414351960716,41.06158491225753,103.94715571247562,31.372703873909106,399879.54327048524,3471387.0091871717,s4,33.65515477919153,39.10738699825028,47.179239036135755,-0.013370907648990078,12.546318977841475,-9.425761056549339,1233.7168704519609,534.5039849102016,5.649,58.20579759256546,0.3184076965675935,0.7878116376126183,-34.073754695928784,227.42860000000002
83,667,98.0351,34.2782,96.0055,32.0689,-12.0,-9.0,35.0,47.4286,0.1391,0.0,97.0203,33.17355,10.5,86.87568092745,44.21679887716056,103.91634337480758,31.401092007529183,396980.27692138345,3474562.021816852,s4,34.18752617080419,39.84884722892986,56.68252786075615,0.8607445842031629,13.198636310827748,-10.065595549129219,1230.2990153390801,538.246908754772,8.649000000000001,65.36597323036315,-3.9403993498176018,0.7245493115630448,-35.21312431144895,227.42860000000002
84,668,98.0351,34.2782,96.0055,32.0689,-15.0,-12.0,35.0,47.4286,0.1474,0.0,97.0203,33.17355,13.5,83.97721833529286,47.37201284206357,103.88553103713959,31.429480141149263,394082.786394126,3477737.8986107605,s4,34.73306734729683,39.9236818429132,63.15432200541555,1.536830384205548,12.308229974109466,-9.525092939022045,1226.8832536874552,541.9908513357291,11.649000000000001,68.64239808943886,-7.503447245123374,0.5886098725640272,-33.658940189448366,227.42860000000002
85,669,96.0055,32.0689,93.97600000000001,29.8596,-3.0,-0.0,35.0,47.4286,1.1841,0.0,94.99075,30.96425,1.5,93.54151870392141,32.541856982451506,103.98720509472923,31.29605006292563,403610.12581302796,3462855.0394393425,s4,0.0,0.0,0.0,0.0,0.0,0.0,1238.1147384232854,524.44591058578,-0.351,0.0,0.0,0.0,0.0,227.42860000000002
86,670,96.0055,32.0689,93.97600000000001,29.8596,-6.0,-3.0,35.0,47.4286,0.5014,0.0,94.99075,30.96425,4.5,90.64305611176428,35.69707094735453,103.95639275706124,31.324438196545714,400707.2876534921,3466028.8920893073,s4,30.26538145191809,37.42245750389313,37.60590061694996,0.004945847577735737,8.431280992488913,-6.931618986019438,1234.692672613944,528.1874669662666,2.649,46.622996081725574,2.0692281508920107,-0.800494697222242,-25.755127574255205,227.42860000000002
87,671,96.0055,32.0689,93.97600000000001,29.8596,-9.0,-6.0,35.0,47.4286,0.1813,0.0,94.99075,30.96425,7.5,87.74459351960716,38.85228491225753,103.92558041939323,31.3528263301658,397806.2208624385,3469203.606807866,s4,33.24019508331346,39.39265622094662,48.99244598156205,-0.48053421852267114,12.588984598136339,-10.175917376675297,1231.272695015928,531.9300396126621,5.649,60.110285264132145,-0.13253483939753608,0.22043280068679993,-35.80896287075753,227.42860000000002
88,672,96.0055,32.0689,93.97600000000001,29.8596,-12.0,-9.0,35.0,47.4286,0.0333,0.0,94.99075,30.96425,10.5,84.84613092745003,42.007498877160565,103.89476808172523,31.381214463785877,394906.9272900152,3472379.184809315,s4,34.00866799905489,39.71485322837127,57.99239762239134,0.6579261483845837,12.871804259211558,-10.53570514839955,1227.8548078103186,535.6736299564625,8.649000000000001,66.37811287948936,-4.490702471724781,0.2638995188460147,-35.32841781182235,227.42860000000002
89,673,96.0055,32.0689,93.97600000000001,29.8596,-15.0,-12.0,35.0,47.4286,0.0221,0.0,94.99075,30.96425,13.5,81.94766833529286,45.16271284206357,103.86395574405724,31.409602597405964,392009.4087890247,3475555.627303828,s4,34.796219136559166,39.95722146682209,63.68538928289014,1.4889743486819702,11.805955626226163,-9.862138930078341,1224.4390131813275,539.4182394243046,11.649000000000001,68.943872554226,-7.739759341126739,0.10961940062678965,-33.625787952128235,227.42860000000002
90,674,93.97600000000001,29.8596,91.9465,27.6503,-3.0,-0.0,35.0,47.4286,1.0885,0.0,92.96125,28.75495,1.5,91.51201870392143,30.33255698245151,103.96563033317585,31.276172519182325,401536.04914064286,3460670.9016941073,s4,0.0,0.0,0.0,0.0,0.0,0.0,1235.6696738084338,521.8710983881699,-0.351,0.0,0.0,0.0,0.0,227.42860000000002
91,675,93.97600000000001,29.8596,91.9465,27.6503,-6.0,-3.0,35.0,47.4286,0.6553,0.0,92.96125,28.75495,4.5,88.6135561117643,33.487770947354534,103.93481799550786,31.30456065280241,398633.1846849125,3463845.3188686436,s4,29.226439053306525,38.587170257373856,36.4218513639739,-0.0214113273401243,7.6250043821669,-6.919647521157403,1232.2475769993252,525.6133202691524,2.649,45.367666172551125,2.5216979695632222,-1.908681338072233,-24.05800186314621,227.42860000000002
92,676,93.97600000000001,29.8596,91.9465,27.6503,-9.0,-6.0,35.0,47.4286,0.2755,0.0,92.96125,28.75495,7.5,85.71509351960717,36.64298491225753,103.90400565783985,31.332948786422488,395732.09084420453,3467020.5984406057,s4,32.68147929057778,40.14998675695121,49.742888578314144,-0.6375821553619843,11.51019537740084,-11.403206405692861,1228.827567513311,529.3565588036934,5.649,60.879837174244074,-0.27925231939764217,-1.4789115585912498,-35.02285703744523,227.42860000000002
93,677,93.97600000000001,29.8596,91.9465,27.6503,-12.0,-9.0,35.0,47.4286,0.038,0.0,92.96125,28.75495,10.5,82.81663092745002,39.798198877160566,103.87319332017185,31.36133692004257,392832.76947019296,3470196.7416248717,s4,33.849731411154565,39.82773653868198,58.79293016116364,0.44350660742024595,11.960237685710311,-11.596619834611671,1225.4096475332717,533.1008154239751,8.649000000000001,67.13646200433752,-4.715558705135951,-0.9411861672566931,-35.47330929697626,227.42860000000002
94,678,93.97600000000001,29.8596,91.9465,27.6503,-15.0,-12.0,35.0,47.4286,0.0,0.0,92.96125,28.75495,13.5,79.91816833529289,42.95341284206357,103.84238098250385,31.389725053662648,389935.2224171895,3473373.7496322044,s4,34.9524007897644,39.9052669326135,64.0977269021619,1.4154571833193321,11.158395280145662,-10.436735014215188,1221.9938192451991,536.8460915573282,11.649000000000001,69.2448734479762,-7.883837207562646,-0.5363957106087224,-33.64486044757204,227.42860000000002
95,679,91.9465,27.6503,89.917,25.441,-3.0,-0.0,35.0,47.4286,0.8198999999999999,0.0,90.93175,26.54565,1.5,89.48251870392143,28.12325698245151,103.94405557162248,31.256294975439015,399461.11601557146,3458487.1583415917,s4,0.0,0.0,0.0,0.0,0.0,0.0,1233.2235995480928,519.296751127896,-0.351,0.0,0.0,0.0,0.0,227.42860000000002
96,680,91.9465,27.6503,89.917,25.441,-6.0,-3.0,35.0,47.4286,0.698,0.0,90.93175,26.54565,4.5,86.5840561117643,31.27847094735453,103.91324323395445,31.284683109059106,396558.2246996168,3461662.1398640843,s4,29.189954599787825,37.582937360544115,38.60643030870796,0.13502874098566384,7.4879530378288,-5.251664997574919,1229.8014710742996,523.0396383011682,2.649,45.35618029296565,0.7064692498122156,-0.7980787267846803,-26.147861819555146,227.42860000000002
97,681,91.9465,27.6503,89.917,25.441,-9.0,-6.0,35.0,47.4286,0.4363,0.0,90.93175,26.54565,7.5,83.68559351960715,34.43368491225754,103.88243089628645,31.313071242679186,393657.10324523115,3464837.9841140094,s4,32.38359230976911,40.771560878592815,49.083566213168346,-0.3893420513233238,10.398746334533573,-11.59702872612416,1226.3814290353776,526.7835425170335,5.649,59.84967149871563,-0.19970429726618377,-2.5316045078875336,-33.37033382268935,227.42860000000002
98,682,91.9465,27.6503,89.917,25.441,-12.0,-9.0,35.0,47.4286,0.1616,0.0,90.93175,26.54565,10.5,80.78713092745002,37.58889887716057,103.85161855861843,31.341459376299266,390757.7535055983,3468014.692306836,s4,33.99507509287047,40.29403818155359,58.15355510842555,0.5314303191095784,10.86511082024128,-12.450216661322296,1222.963475615988,530.528465208371,8.649000000000001,66.67822075020318,-4.344628717201958,-2.170842324827346,-35.15014801084547,227.42860000000002
99,683,91.9465,27.6503,89.917,25.441,-15.0,-12.0,35.0,47.4286,0.0407,0.0,90.93175,26.54565,13.5,77.88866833529286,40.74411284206357,103.82080622095044,31.369847509919353,387860.1773365577,3471192.265653911,s4,35.24822176518106,39.97141133272489,63.946284110424294,1.4168195739124425,10.453922139830295,-11.177147523680336,1219.5476130039228,534.2744078031994,11.649000000000001,69.26369113117751,-7.7093636043627285,-1.3061142328798616,-33.7389933892427,227.42860000000002
100,684,89.917,25.441,87.8874,23.2317,-3.0,-0.0,35.0,47.4286,1.051,0.0,88.90219999999998,24.33635,1.5,87.45296870392143,25.91395698245151,103.92248027854008,31.236417431695713,397385.27639505744,3456303.8094190336,s4,0.0,0.0,0.0,0.0,0.0,0.0,1230.7764566484102,516.7228688488569,-0.351,0.0,0.0,0.0,0.0,227.42860000000002
101,685,89.917,25.441,87.8874,23.2317,-6.0,-3.0,35.0,47.4286,0.7957999999999998,0.0,88.90219999999998,24.33635,4.5,84.5545061117643,29.06917094735452,103.89166794087208,31.264805565315793,394482.357669026,3459479.3551275283,s4,28.662514690163317,37.95182905354344,40.3926406484147,0.13993901715475907,5.379278815839757,-7.301834588527375,1227.3542958617277,520.466421123496,2.649,46.61779772488718,-0.12600750326023302,-3.4626423239594355,-24.50574432753872,227.42860000000002
102,686,89.917,25.441,87.8874,23.2317,-9.0,-6.0,35.0,47.4286,0.6502,0.0,88.90219999999998,24.33635,7.5,81.65604351960715,32.22438491225754,103.86085560320407,31.29319369893588,391581.208051114,3462655.7638946637,s4,32.415886872188494,40.62516181900511,48.550439447836624,-0.398192621075709,9.259256775220251,-11.73705496835597,1223.9342206216993,524.2109908311793,5.649,58.84609725159186,-0.20381881989188422,-3.2451083840331236,-32.056155539105774,227.42860000000002
103,687,89.917,25.441,87.8874,23.2317,-12.0,-9.0,35.0,47.4286,0.3981,0.0,88.90219999999998,24.33635,10.5,78.75758092745002,35.379598877160554,103.83004326553608,31.32158183255596,388681.8293960231,3465833.0369364857,s4,34.28142530609,40.55444963498812,57.13068700733606,0.6075998316580865,10.145116862640648,-12.818124427084534,1220.5162331147735,527.9565794054658,8.649000000000001,65.85336826116907,-3.845691224555253,-2.805348235613324,-34.751840317515565,227.42860000000002
104,688,89.917,25.441,87.8874,23.2317,-15.0,-12.0,35.0,47.4286,0.2265,0.0,88.90219999999998,24.33635,13.5,75.85911833529286,38.53481284206357,103.79923092786808,31.349969966176047,385784.2235611081,3469011.175464932,s4,35.58773549565464,40.130147876396855,63.31964542800165,1.455314492818808,9.853605288234112,-11.850316137968981,1217.1003355305297,531.7031882750712,11.649000000000001,68.99425340139084,-7.288853191173208,-1.9915129481922764,-33.84052764534097,227.42860000000002
105,689,87.8874,23.2317,85.8579,21.0224,-3.0,-0.0,35.0,47.4286,1.0681,0.0,86.87264999999998,22.12705,1.5,85.42341870392144,23.70465698245151,103.90090498545773,31.216539887952404,395308.58145722415,3454120.85399466,s4,0.0,0.0,0.0,0.0,0.0,0.0,1228.3283054416866,514.1494504526145,-0.351,0.0,0.0,0.0,0.0,227.42860000000002
106,690,87.8874,23.2317,85.8579,21.0224,-6.0,-3.0,35.0,47.4286,0.941,0.0,86.87264999999998,22.12705,4.5,82.5249561117643,26.859870947354523,103.8700926477897,31.24492802157249,392405.63475559326,3457296.963713104,s4,28.383860277121144,37.22012178293077,36.01081601288895,0.7087203398521783,4.007483454852327,-6.432014052467078,1224.9061116754383,517.8936676210772,2.649,41.84458896528474,0.8836353676399042,-3.7063181329826103,-21.29655580347745,227.42860000000002
107,691,87.8874,23.2317,85.8579,21.0224,-9.0,-6.0,35.0,47.4286,0.9102,0.0,86.87264999999998,22.12705,7.5,79.62649351960715,30.015084912257546,103.83928031012172,31.27331615519257,389504.45640863024,3460473.936822565,s4,32.4964200200942,40.66273823691627,47.06533493639759,-0.21833287313031052,8.227183092352014,-12.112954992196116,1221.486002567623,521.6389026144122,5.649,57.413479415963366,0.29252060688088477,-4.072478885760962,-30.365116601380542,227.42860000000002
108,692,87.8874,23.2317,85.8579,21.0224,-12.0,-9.0,35.0,47.4286,0.6928,0.0,86.87264999999998,22.12705,10.5,76.72803092745002,33.170298877160555,103.80846797245373,31.301704288812648,386605.04827255604,3463651.7745396807,s4,34.43891686978376,40.6889753930414,56.049301129071054,0.6307968081527494,9.413189244225267,-13.265471152842697,1218.0679803064813,525.3851568668765,8.649000000000001,65.01213903932248,-3.336998480983249,-3.489352177699433,-34.17912254370347,227.42860000000002
109,693,87.8874,23.2317,85.8579,21.0224,-15.0,-12.0,35.0,47.4286,0.5014,0.0,86.87264999999998,22.12705,13.5,73.82956833529286,36.32551284206357,103.7776556347857,31.33009242243273,383707.41220624093,3466830.478076976,s4,35.92071693476116,40.30621684535061,62.30118811985886,1.495357505857078,9.264239594868581,-12.461220947331622,1214.6520470833784,529.1324318078771,11.649000000000001,68.42737672221594,-6.6951099455175775,-2.6426957657681847,-33.85862511270266,227.42860000000002
110,694,85.8579,21.0224,83.8284,18.8131,-3.0,-0.0,35.0,47.4286,1.1707,0.0,84.84315000000002,19.91775,1.5,83.39391870392144,21.495356982451504,103.8793302239043,31.196662344209095,393231.0824226503,3451938.2910969136,s4,0.0,0.0,0.0,0.0,0.0,0.0,1225.8792063102724,511.5764947938294,-0.351,0.0,0.0,0.0,0.0,227.42860000000002
111,695,85.8579,21.0224,83.8284,18.8131,-6.0,-3.0,35.0,47.4286,1.0687,0.0,84.84315000000002,19.91775,4.5,80.4954561117643,24.65057094735452,103.84851788623631,31.225050477829186,390328.1071642808,3455114.9646351333,s4,27.974979744800002,35.92241175346165,37.65763878033086,0.5721506967027116,4.021153171813934,-6.212616479389749,1222.4569788793715,515.3213766319263,2.649,42.55814888531012,-0.2968777640390847,-3.3158666799018723,-22.205759077551598,227.42860000000002
112,696,85.8579,21.0224,83.8284,18.8131,-9.0,-6.0,35.0,47.4286,1.1334,0.0,84.84315000000002,19.91775,7.5,77.59699351960717,27.805784912257533,103.81770554856831,31.253438611449265,387426.89950711664,3458292.501897916,s4,32.52556694426532,40.611170618295645,45.1472080948201,0.016218595534155236,7.294777438910952,-11.916191898280488,1219.0368352186701,519.0672766881028,5.649,55.31579265878949,0.8117659796756325,-4.514242125742201,-28.602826930334963,227.42860000000002
113,697,85.8579,21.0224,83.8284,18.8131,-12.0,-9.0,35.0,47.4286,0.9546,0.0,84.84315000000002,19.91775,10.5,74.69853092745002,30.96099887716056,103.7868932109003,31.281826745069353,384527.46130890044,3461470.9041024838,s4,34.613858764229654,40.85815218445133,54.270344776120126,0.8261061221441932,8.611431590391717,-13.585954532733135,1215.618777518202,522.8141963973037,8.649000000000001,63.523039178537545,-2.6166598155621426,-4.158452319310599,-33.20061332615556,227.42860000000002
114,698,85.8579,21.0224,83.8284,18.8131,-15.0,-12.0,35.0,47.4286,0.7802,0.0,84.84315000000002,19.91775,13.5,71.80006833529289,34.11621284206357,103.7560808732323,31.310214878689433,381629.7944300251,3464650.1724619474,s4,36.332943415446806,40.51373054643683,60.732564779430916,1.6115194421430072,8.75340518978604,-12.930140099250586,1212.202807971128,526.5621371896282,11.649000000000001,67.43558867211073,-5.871048396344396,-3.157858651776534,-33.794923833895,227.42860000000002
115,699,83.8284,18.8131,81.7989,16.6038,-3.0,-0.0,35.0,47.4286,1.0851,0.0,82.81364999999998,17.70845,1.5,81.36441870392144,19.286056982451502,103.85775546235094,31.1767848004658,391152.72924668214,3449756.1207602,s4,0.0,0.0,0.0,0.0,0.0,0.0,1223.4291002580794,509.0040019130622,-0.351,0.0,0.0,0.0,0.0,227.42860000000002
116,700,83.8284,18.8131,81.7989,16.6038,-6.0,-3.0,35.0,47.4286,1.1867,0.0,82.81364999999998,17.70845,4.5,78.4659561117643,22.44127094735452,103.82694312468293,31.20517293408588,388249.7248646032,3452933.35794269,s4,28.72905577744579,36.050471089969676,36.890969463080445,1.2303237201072699,2.160954396952639,-8.071167768824726,1220.0068384941414,512.7495482138952,2.649,42.06795106862361,-0.012297320659076405,-5.321051934263859,-19.919704496948125,227.42860000000002
117,701,83.8284,18.8131,81.7989,16.6038,-9.0,-6.0,35.0,47.4286,1.242,0.0,82.81364999999998,17.70845,7.5,75.56749351960715,25.596484912257534,103.79613078701492,31.23356106770596,385348.48733027326,3456111.459184465,s4,32.83009127581218,40.054222115992815,43.00550627464139,0.3185100934984502,6.5780628803503784,-11.580355282415491,1216.586659612176,516.4961131274008,5.649,53.03804508842891,1.3496577630742106,-4.5290015211983015,-27.097001108691323,227.42860000000002
118,702,83.8284,18.8131,81.7989,16.6038,-12.0,-9.0,35.0,47.4286,1.1086,0.0,82.81364999999998,17.70845,10.5,72.66903092745002,28.75169887716056,103.76531844934695,31.261949201326047,382449.01850294974,3459290.4257033374,s4,34.93646740572687,40.85486197628856,51.96068986710182,1.1036779138170119,8.155952791895103,-13.445043266367461,1213.1685658040046,520.2436980892207,8.649000000000001,61.54316799042886,-1.733772625168191,-4.275485332660852,-32.312253392734235,227.42860000000002
119,703,83.8284,18.8131,81.7989,16.6038,-15.0,-12.0,35.0,47.4286,0.9850000000000002,0.0,82.81364999999998,17.70845,13.5,69.77056833529288,31.90691284206357,103.73450611167893,31.290337334946127,379551.3202445408,3462470.2587130005,s4,36.7679162119967,40.69007711022667,58.866212207391456,1.743603694920059,8.564557957567,-13.118004101627616,1209.7525592645716,523.9923045301398,11.649000000000001,66.24685974119272,-4.913894396929846,-3.308398716296808,-33.82427754424077,227.42860000000002
120,704,81.7989,16.6038,79.7693,14.3945,-3.0,-0.0,35.0,47.4286,1.2096,0.0,80.78409999999998,15.49915,1.5,79.33486870392144,17.076756982451506,103.83618016926857,31.156907256722487,389073.4718409576,3447574.3430567626,s4,0.0,0.0,0.0,0.0,0.0,0.0,1220.9779282374911,506.43197189547755,-0.351,0.0,0.0,0.0,0.0,227.42860000000002
121,705,81.7989,16.6038,79.7693,14.3945,-6.0,-3.0,35.0,47.4286,1.2267,0.0,80.78409999999998,15.49915,4.5,76.4364061117643,20.231970947354526,103.80536783160058,31.18529539034257,386170.4377823293,3450752.1437226865,s4,29.266509067355706,35.7659954349568,31.906572981111207,1.8252187955527082,2.5246693230558943,-7.581173262713823,1217.5556314887904,510.1781824694415,2.649,38.4506547602473,2.054916884864241,-4.624121948332747,-18.010236020955148,227.42860000000002
122,706,81.7989,16.6038,79.7693,14.3945,-9.0,-6.0,35.0,47.4286,1.2343,0.0,80.78409999999998,15.49915,7.5,73.53794351960715,23.387184912257535,103.77455549393257,31.21368352396265,383269.16981799115,3453930.80878381,s4,32.98441362176676,39.38727916265559,40.79600359542456,0.5666634759486734,6.597090749599983,-11.279434791338106,1214.1354167338332,513.925412052078,5.649,51.18218996726284,2.063454645834847,-4.128132319527298,-26.09419518200124,227.42860000000002
123,707,81.7989,16.6038,79.7693,14.3945,-12.0,-9.0,35.0,47.4286,1.1429,0.0,80.78409999999998,15.49915,10.5,70.63948092745002,26.542398877160558,103.74374315626456,31.242071657582738,380369.66980872635,3457110.3394585345,s4,35.15938460135456,40.59880152091413,49.96664847061539,1.2129993827866163,8.20456081759098,-13.074897537007178,1210.7172861662389,517.6736620797217,8.649000000000001,59.93193788898086,-0.9473569562177904,-3.9094787519905108,-31.93653805356074,227.42860000000002
124,708,81.7989,16.6038,79.7693,14.3945,-15.0,-12.0,35.0,47.4286,1.081,0.0,80.78409999999998,15.49915,13.5,67.74101833529288,29.69761284206357,103.71293081859655,31.27045979120282,377471.9396179605,3460290.736961139,s4,37.03890802525331,40.78103974316413,57.18207402747737,1.786224859437075,8.61130450322216,-13.097165266483469,1207.3012419827414,521.4229339838489,11.649000000000001,65.17514298482769,-4.055543950042534,-3.2192757603918825,-33.92713511981318,227.42860000000002
125,709,79.7693,14.3945,77.7398,12.1852,-3.0,-0.0,35.0,47.4286,1.0576,0.0,78.75454999999998,13.28985,1.5,77.30531870392144,14.867456982451507,103.81460487618618,31.13702971297918,386993.3614241566,3445392.957012215,s4,0.0,0.0,0.0,0.0,0.0,0.0,1218.5257506286212,503.86040359240224,-0.351,0.0,0.0,0.0,0.0,227.42860000000002
126,710,79.7693,14.3945,77.7398,12.1852,-6.0,-3.0,35.0,47.4286,1.1366,0.0,78.75454999999998,13.28985,4.5,74.4068561117643,18.022670947354527,103.78379253851818,31.165417846599265,384090.2971205148,3448571.3209866225,s4,28.553162567817992,34.844074891942704,28.684898022362336,1.6137596441641995,3.336581661989044,-6.452696222977219,1215.1034182250119,507.60727823325374,2.649,35.8215076484597,3.1829186281846624,-3.439102024153186,-16.806926171906202,227.42860000000002
127,711,79.7693,14.3945,77.7398,12.1852,-9.0,-6.0,35.0,47.4286,1.1171,0.0,78.75454999999998,13.28985,7.5,71.50839351960715,21.177884912257536,103.75298020085016,31.19380598021935,381188.9981577094,3451750.5496933237,s4,32.65431120472552,38.88009047703444,38.8783707482991,0.7097977247444577,6.810215090046558,-10.904861748474385,1211.6831669269236,511.3551722801674,5.649,49.58459406207213,2.652182998125257,-3.748337598156711,-25.15901282448571,227.42860000000002
128,712,79.7693,14.3945,77.7398,12.1852,-12.0,-9.0,35.0,47.4286,1.0809,0.0,78.75454999999998,13.28985,10.5,68.60993092745002,24.33309887716056,103.72216786318218,31.222194113839432,378289.46639803814,3454930.644351305,s4,35.130305730696854,40.34689467829318,48.41833808136288,1.2224263888181015,8.33141556166479,-12.823853567118686,1208.2649989297606,515.104087170168,8.649000000000001,58.7475062153903,-0.32862506756787013,-3.6306168967016816,-31.603044432293707,227.42860000000002
129,713,79.7693,14.3945,77.7398,12.1852,-15.0,-12.0,35.0,47.4286,1.0753,0.0,78.75454999999998,13.28985,13.5,65.71146833529288,27.48831284206357,103.69135552551417,31.250582247459523,375391.70370644977,3458111.6061754376,s4,37.156722909313665,40.83075226754967,55.718730388200214,1.7820119808615102,8.624050501853372,-13.033104184606119,1204.8489164320526,518.8540243354298,11.649000000000001,64.18498560664841,-3.341209895889529,-3.156420991342361,-33.914614851672326,227.42860000000002
130,714,77.7398,12.1852,75.7103,9.9759,-3.0,-0.0,35.0,47.4286,0.7388,0.0,76.72505000000002,11.08055,1.5,75.27581870392144,12.658156982451509,103.7930301146328,31.11715216923588,384912.44925737643,3443211.961612495,s4,0.0,0.0,0.0,0.0,0.0,0.0,1216.0726278615844,501.2892958083894,-0.351,0.0,0.0,0.0,0.0,227.42860000000002
131,715,77.7398,12.1852,75.7103,9.9759,-6.0,-3.0,35.0,47.4286,0.9933,0.0,76.72505000000002,11.08055,4.5,72.3773561117643,15.813370947354526,103.7622177769648,31.14554030285596,382009.3541246937,3446390.888706325,s4,27.96261311080988,33.382472508915185,28.745259954029027,1.0612322099717062,4.373274143807471,-5.854664945313933,1212.6502591145763,505.0368342932504,2.649,35.93861815459446,3.0030438503407115,-2.206563319146866,-17.836618323897138,227.42860000000002
132,716,77.7398,12.1852,75.7103,9.9759,-9.0,-6.0,35.0,47.4286,0.9452,0.0,76.72505000000002,11.08055,7.5,69.47889351960717,18.96858491225754,103.7314054392968,31.173928436476043,379108.0235793885,3449570.6808707006,s4,32.26060142386522,38.23714670867123,37.600100474728066,0.7614355250749308,7.1057936344942565,-10.189255619023779,1209.229970584859,508.7853925829279,5.649,48.22862560919695,2.8682544198685527,-3.104753741062191,-24.710311373178797,227.42860000000002
133,717,77.7398,12.1852,75.7103,9.9759,-12.0,-9.0,35.0,47.4286,0.954,0.0,76.72505000000002,11.08055,10.5,66.58043092745004,22.123798877160553,103.70059310162878,31.20231657009613,376208.45948527154,3452751.3393252036,s4,34.99070783351857,40.14339383594018,47.056713155600725,1.2612041678972032,8.377169455582116,-12.516800842218764,1205.8117644696213,512.534972115149,8.649000000000001,57.58040126381106,0.14434968269929982,-3.4164809098565634,-31.12871175002984,227.42860000000002
134,718,77.7398,12.1852,75.7103,9.9759,-15.0,-12.0,35.0,47.4286,0.9949,0.0,76.72505000000002,11.08055,13.5,63.6819683352929,25.27901284206357,103.6697807639608,31.23070470371621,373310.6637088127,3455932.8652852895,s4,37.27795249149505,40.8582088495658,54.23383722192033,1.8090352593569208,8.53746048893612,-12.897520764057889,1202.3956429691866,516.2855743227769,11.649000000000001,63.05402800870221,-2.6773102854899538,-3.108037252016927,-33.730236174786434,227.42860000000002
135,719,75.7103,9.9759,73.6808,7.766499999999998,-3.0,-0.0,35.0,47.4286,0.7703,0.0,74.69554999999998,8.8712,1.5,73.24631870392142,10.448806982451508,103.77145535307942,31.097274175631892,382830.68469806213,3441031.3070650245,s4,0.0,0.0,0.0,0.0,0.0,0.0,1213.6185002354455,498.7185898445141,-0.351,0.0,0.0,0.0,0.0,227.42860000000002
136,720,75.7103,9.9759,73.6808,7.766499999999998,-6.0,-3.0,35.0,47.4286,0.7834,0.0,74.69554999999998,8.8712,4.5,70.34785611176429,13.604020947354526,103.74064301541142,31.125662309251975,379927.55815211416,3444210.797103396,s4,27.362069818776302,33.07444140864249,28.179712469867987,1.0305636934691838,3.837240642667101,-6.517900274231482,1210.1960944563139,502.4667919672229,2.649,35.542013612532,3.118520948813895,-2.9795656712252723,-17.012090443953657,227.42860000000002
137,721,75.7103,9.9759,73.6808,7.766499999999998,-9.0,-6.0,35.0,47.4286,0.7315,0.0,74.69554999999998,8.8712,7.5,67.44939351960716,16.75923491225754,103.7098306777434,31.154050442872066,377026.19544005115,3447391.152551742,s4,31.905150301683623,37.4691805088551,37.08952502940039,0.6640439846506582,7.100684882610475,-10.024324837480645,1206.775768006204,506.2160142948899,5.649,47.61002453967146,2.8388947320961417,-2.893827471945941,-24.512181878542442,227.42860000000002
138,722,75.7103,9.9759,73.6808,7.766499999999998,-12.0,-9.0,35.0,47.4286,0.7906999999999998,0.0,74.69554999999998,8.8712,10.5,64.55093092745003,19.91444887716056,103.6790183400754,31.182438576492142,374126.5984272116,3450572.3746302295,s4,34.86930067822,39.838010769497615,45.85999576911962,1.3039500307066167,8.267728199252455,-12.158528873380108,1203.357523084106,509.9662582659332,8.649000000000001,56.373106956678555,0.46712617941425094,-3.23346377009149,-30.556832674313807,227.42860000000002
139,723,75.7103,9.9759,73.6808,7.766499999999998,-15.0,-12.0,35.0,47.4286,0.8699,0.0,74.69554999999998,8.8712,13.5,61.652468335292895,23.06966284206357,103.64820600240739,31.21082671011223,371228.76898157905,3453754.4645549064,s4,37.51411257978644,40.82747560289437,52.6537903487438,1.8634279456491831,8.483747948244943,-12.645381616602492,1199.9413618921271,513.717525313913,11.649000000000001,61.79741305160692,-1.9933805917807117,-2.927087857790652,-33.5370625778586,227.42860000000002
140,724,73.6808,7.766499999999998,71.6512,5.5572,-3.0,-0.0,35.0,47.4286,0.478,0.0,72.66599999999998,6.66185,1.5,71.21676870392145,8.239456982451507,103.74988005999704,31.07739618202791,380748.01814582694,3438851.0433388706,s4,0.0,0.0,0.0,0.0,0.0,0.0,1211.1633092778475,496.1483446077591,-0.351,0.0,0.0,0.0,0.0,227.42860000000002
141,725,73.6808,7.766499999999998,71.6512,5.5572,-6.0,-3.0,35.0,47.4286,0.3404,0.0,72.66599999999998,6.66185,4.5,68.31830611176429,11.394670947354527,103.71906772232904,31.105784315648,377844.859630775,3442031.096162048,s4,27.053410539356573,32.38475320143402,26.64628355998005,1.1688639829288106,4.055142146270362,-6.10747713495887,1207.7408658113313,499.8972101800082,2.649,34.15270132931399,3.479178523264334,-2.5185092318742117,-16.196557125443423,227.42860000000002
142,726,73.6808,7.766499999999998,71.6512,5.5572,-9.0,-6.0,35.0,47.4286,0.4588,0.0,72.66599999999998,6.66185,7.5,65.41984351960716,14.549884912257541,103.688255384661,31.13417244926808,374943.46419612743,3445212.01473582,s4,31.698428735751843,37.03432370253409,35.98086116084726,0.7857212719535003,6.915198013303245,-9.929548732801289,1204.3205007855827,503.6470963587617,5.649,46.533996097068744,3.0807828135570734,-2.8939192486521126,-23.693579545046894,227.42860000000002
143,727,73.6808,7.766499999999998,71.6512,5.5572,-12.0,-9.0,35.0,47.4286,0.6108,0.0,72.66599999999998,6.66185,10.5,62.521380927450025,17.705098877160555,103.65744304699301,31.162560582888165,372043.83370873774,3448393.8002809417,s4,34.94599023374154,39.46634779131483,44.52400939545606,1.3939333359944097,8.128617902283354,-11.77948532704649,1200.9022164013763,507.3980045831315,8.649000000000001,55.04164252348081,0.8468343552185651,-2.9835800236573893,-29.92355387970641,227.42860000000002
144,728,73.6808,7.766499999999998,71.6512,5.5572,-15.0,-12.0,35.0,47.4286,0.7276,0.0,72.66599999999998,6.66185,13.5,59.622918335292894,20.860312842063564,103.62663070932501,31.19094871650825,369145.9700381125,3451576.4540140517,s4,37.87195800125589,40.72224282226486,51.07472017008843,1.9013029096832001,8.605549587610499,-12.280476467673857,1197.4860148626158,511.149936287374,11.649000000000001,60.5854369550289,-1.2827868736347128,-2.520904723888776,-33.52274616809634,227.42860000000002
145,729,71.6512,5.5572,69.6217,3.3479,-3.0,-0.0,35.0,47.4286,0.0,0.0,70.63645,4.4525500000000005,1.5,69.18721870392143,6.030156982451508,103.72830476691463,31.057518638284613,378664.5014309407,3436671.219279234,s4,0.0,0.0,0.0,0.0,0.0,0.0,1208.7071160898868,493.57861768021485,-0.351,0.0,0.0,0.0,0.0,227.42860000000002
146,730,71.6512,5.5572,69.6217,3.3479,-6.0,-3.0,35.0,47.4286,0.0,0.0,70.63645,4.4525500000000005,4.5,66.28875611176429,9.185370947354524,103.69749242924664,31.085906771904693,375761.3103897125,3439851.83471386,s4,26.60890201233376,31.94415573861923,25.744681402187798,1.1314977351924815,4.084287311177666,-6.134137000951878,1205.2846342792718,497.3281464976385,2.649,33.45140226683337,3.725890784297193,-2.515004149493059,-15.575565171868863,227.42860000000002
147,731,71.6512,5.5572,69.6217,3.3479,-9.0,-6.0,35.0,47.4286,0.2198,0.0,70.63645,4.4525500000000005,7.5,63.390293519607155,12.34058491225754,103.66668009157864,31.114294905524773,372859.88167543,3443033.316240884,s4,31.606093563389752,36.57376394013642,34.79662885452561,0.8088094255271747,6.87647698421465,-9.627276455509385,1201.8642300211936,501.07869632450866,5.649,45.40192411867788,3.40407442988986,-2.645667662110042,-22.929857670641407,227.42860000000002
148,732,71.6512,5.5572,69.6217,3.3479,-12.0,-9.0,35.0,47.4286,0.4502,0.0,70.63645,4.4525500000000005,10.5,60.491830927450025,15.495798877160555,103.63586775391063,31.14268303914486,369960.21715646546,3446215.6650816486,s4,35.14677379082639,39.05593529051968,43.24226394021276,1.4084812867756893,8.217116953531644,-11.356601324286652,1198.4459055182201,504.8302686006284,8.649000000000001,53.89742821771738,1.2948053606376941,-2.5218981816635564,-29.503586323245663,227.42860000000002
149,733,71.6512,5.5572,69.6217,3.3479,-15.0,-12.0,35.0,47.4286,0.5973,0.0,70.63645,4.4525500000000005,13.5,57.593368335292894,18.651012842063565,103.60505541624264,31.171071172764947,367062.3187038426,3449398.882453384,s4,38.255539400156266,40.56023168023532,49.722537496363685,1.8787079239250266,8.921975909509522,-11.879283253557004,1195.0296629760423,508.58286476095236,11.649000000000001,59.63788432984124,-0.6235276860423777,-1.9506883676480207,-33.73481168277684,227.42860000000002
150,734,69.6217,3.3479,67.5922,1.1386,-3.0,-0.0,35.0,47.4286,0.0,0.0,68.60695000000001,2.24325,1.5,67.15771870392145,3.820856982451508,103.7067300053613,31.037641094541307,376580.1853026876,3434491.7839676808,s4,0.0,0.0,0.0,0.0,0.0,0.0,1206.2499804983204,491.0093490357208,-0.351,0.0,0.0,0.0,0.0,227.42860000000002
151,735,69.6217,3.3479,67.5922,1.1386,-6.0,-3.0,35.0,47.4286,0.1517,0.0,68.60695000000001,2.24325,4.5,64.2592561117643,6.976070947354524,103.67591766769327,31.06602922816139,373676.96114837826,3437672.9618257973,s4,26.339389405351998,31.64801367045746,24.46955239167372,1.2283791296685256,3.9916130808706165,-5.832040725055892,1202.8274596517213,494.7595408767411,2.649,32.202629741965964,4.048700877782115,-2.4005949861876585,-14.614685549251938,227.42860000000002
152,736,69.6217,3.3479,67.5922,1.1386,-9.0,-6.0,35.0,47.4286,0.1522,0.0,68.60695000000001,2.24325,7.5,61.36079351960717,10.13128491225754,103.64510533002527,31.094417361781467,370775.4985675465,3440855.006119275,s4,31.47085322876455,36.278840126914474,33.674956079138646,0.8156749185659039,6.805439566269434,-9.319268317969431,1199.40701546942,498.5107541315165,5.649,44.315728148791834,3.729625904603779,-2.472536885246832,-22.114668958175468,227.42860000000002
153,737,69.6217,3.3479,67.5922,1.1386,-12.0,-9.0,35.0,47.4286,0.3461,0.0,68.60695000000001,2.24325,10.5,58.462330927450026,13.286498877160554,103.61429299235728,31.122805495401554,367875.7994300833,3444037.918070052,s4,35.34464367639049,38.75978075052635,42.11371698699044,1.3294970509078445,8.350664342359552,-11.075758563786211,1195.9886501557726,502.26299024055197,8.649000000000001,53.03355326143651,1.7892726093684121,-2.1406951377336623,-29.030136949097088,227.42860000000002
154,738,69.6217,3.3479,67.5922,1.1386,-15.0,-12.0,35.0,47.4286,0.513,0.0,68.60695000000001,2.24325,13.5,55.5638683352929,16.441712842063573,103.58348065468924,31.15119362902164,364977.86560853204,3447221.69889594,s4,38.63801293222684,40.39979444648114,48.638952472289084,1.7946177551718474,9.331954182762146,-11.547356488994582,1192.5723659182631,506.0162506394888,11.649000000000001,58.99824193477144,-0.022423229423534252,-1.360201271383942,-34.03855907599862,227.42860000000002
